DateTime,Open,High,Low,Close
2024-05-21 12:30:20.000,39819.0,39819.0,39818.0,39818.0
2024-05-21 12:30:30.000,39818.5,39819.5,39818.5,39819.5
2024-05-21 12:30:50.000,39820.0,39821.5,39820.0,39821.5
2024-05-21 12:31:00.000,39820.0,39821.5,39820.0,39821.0
2024-05-21 12:31:10.000,39821.5,39822.5,39821.5,39822.0
2024-05-21 12:31:20.000,39821.5,39821.5,39821.5,39821.5
2024-05-21 12:31:30.000,39822.0,39823.5,39822.0,39822.5
2024-05-21 12:31:40.000,39823.0,39823.5,39823.0,39823.5
2024-05-21 12:31:50.000,39824.5,39824.5,39822.0,39822.0
2024-05-21 12:32:00.000,39822.5,39824.0,39822.5,39823.5
2024-05-21 12:32:10.000,39824.0,39824.5,39823.5,39824.0
2024-05-21 12:32:20.000,39824.5,39824.5,39824.0,39824.0
2024-05-21 12:32:30.000,39823.5,39823.5,39822.5,39823.0
2024-05-21 12:32:40.000,39822.5,39822.5,39820.5,39821.0
2024-05-21 12:32:50.000,39820.5,39821.5,39820.5,39821.5
2024-05-21 12:33:00.000,39822.0,39822.0,39821.5,39821.5
2024-05-21 12:33:10.000,39822.5,39823.0,39821.5,39821.5
2024-05-21 12:33:30.000,39822.0,39823.0,39822.0,39823.0
2024-05-21 12:33:40.000,39822.5,39822.5,39822.0,39822.5
2024-05-21 12:33:50.000,39823.0,39823.0,39822.5,39823.0
2024-05-21 12:34:00.000,39823.5,39823.5,39823.0,39823.5
2024-05-21 12:34:10.000,39824.0,39824.0,39822.0,39822.0
2024-05-21 12:34:30.000,39821.5,39821.5,39821.5,39821.5
2024-05-21 12:34:40.000,39820.5,39820.5,39820.5,39820.5
2024-05-21 12:34:50.000,39821.0,39822.5,39821.0,39822.5
2024-05-21 12:35:00.000,39822.0,39822.5,39820.5,39822.0
2024-05-21 12:35:10.000,39822.5,39822.5,39822.0,39822.0
2024-05-21 12:35:30.000,39822.5,39823.5,39822.5,39822.5
2024-05-21 12:35:50.000,39823.0,39823.5,39823.0,39823.5
2024-05-21 12:36:00.000,39824.0,39824.5,39823.5,39824.5
2024-05-21 12:36:10.000,39823.5,39823.5,39823.5,39823.5
2024-05-21 12:36:20.000,39824.5,39824.5,39824.5,39824.5
2024-05-21 12:36:40.000,39823.5,39823.5,39822.5,39822.5
2024-05-21 12:36:50.000,39823.5,39823.5,39823.0,39823.5
2024-05-21 12:37:00.000,39823.0,39823.5,39822.5,39823.5
2024-05-21 12:37:10.000,39823.0,39823.0,39821.5,39822.5
2024-05-21 12:37:20.000,39822.0,39822.5,39821.5,39822.5
2024-05-21 12:37:30.000,39823.0,39824.5,39823.0,39824.0
2024-05-21 12:37:40.000,39824.5,39824.5,39824.5,39824.5
2024-05-21 12:38:00.000,39825.5,39825.5,39823.0,39823.0
2024-05-21 12:38:10.000,39823.5,39824.0,39823.0,39824.0
2024-05-21 12:38:20.000,39824.5,39824.5,39823.5,39823.5
2024-05-21 12:38:30.000,39823.0,39829.0,39823.0,39828.5
2024-05-21 12:38:40.000,39829.0,39829.0,39828.5,39829.0
2024-05-21 12:38:50.000,39828.5,39829.5,39828.5,39829.5
2024-05-21 12:39:00.000,39829.0,39829.0,39828.5,39828.5
2024-05-21 12:39:10.000,39828.0,39828.5,39827.5,39828.5
2024-05-21 12:39:20.000,39828.0,39828.0,39823.5,39823.5
2024-05-21 12:39:30.000,39824.5,39824.5,39823.5,39824.5
2024-05-21 12:39:40.000,39824.0,39824.0,39822.0,39822.0
2024-05-21 12:39:50.000,39822.5,39823.5,39821.5,39823.5
2024-05-21 12:40:00.000,39822.5,39824.0,39822.5,39823.5
2024-05-21 12:40:10.000,39823.0,39825.5,39823.0,39825.5
2024-05-21 12:40:30.000,39824.5,39825.0,39824.0,39824.0
2024-05-21 12:40:40.000,39824.5,39824.5,39824.0,39824.5
2024-05-21 12:40:50.000,39825.0,39825.0,39823.0,39823.5
2024-05-21 12:41:00.000,39823.0,39823.5,39821.5,39821.5
2024-05-21 12:41:10.000,39822.0,39822.0,39821.5,39822.0
2024-05-21 12:41:20.000,39822.5,39822.5,39820.0,39821.0
2024-05-21 12:41:30.000,39820.5,39821.5,39820.5,39821.5
2024-05-21 12:41:40.000,39822.0,39823.0,39821.5,39822.5
2024-05-21 12:41:50.000,39823.0,39823.5,39822.5,39822.5
2024-05-21 12:42:00.000,39823.0,39823.5,39822.5,39823.5
2024-05-21 12:42:10.000,39823.0,39823.5,39822.5,39823.0
2024-05-21 12:42:20.000,39823.5,39823.5,39822.0,39822.5
2024-05-21 12:42:30.000,39821.0,39821.5,39820.5,39821.0
2024-05-21 12:42:40.000,39821.5,39822.0,39821.0,39822.0
2024-05-21 12:42:50.000,39821.5,39823.0,39821.5,39823.0
2024-05-21 12:43:00.000,39822.5,39823.0,39822.0,39822.0
2024-05-21 12:43:10.000,39822.5,39823.0,39822.0,39822.0
2024-05-21 12:43:20.000,39821.5,39822.0,39821.5,39822.0
2024-05-21 12:43:30.000,39821.5,39821.5,39821.0,39821.5
2024-05-21 12:43:40.000,39821.0,39822.5,39820.5,39822.0
2024-05-21 12:43:50.000,39821.5,39823.0,39821.5,39823.0
2024-05-21 12:44:00.000,39823.5,39823.5,39823.5,39823.5
2024-05-21 12:44:10.000,39824.0,39824.0,39824.0,39824.0
2024-05-21 12:44:20.000,39824.5,39825.0,39824.0,39824.0
2024-05-21 12:44:30.000,39823.5,39824.0,39823.5,39824.0
2024-05-21 12:44:40.000,39824.5,39825.5,39824.0,39824.5
2024-05-21 12:44:50.000,39825.0,39825.0,39824.5,39824.5
2024-05-21 12:45:00.000,39823.0,39824.0,39822.5,39822.5
2024-05-21 12:45:10.000,39823.0,39824.5,39823.0,39823.5
2024-05-21 12:45:20.000,39822.5,39823.0,39821.5,39821.5
2024-05-21 12:45:30.000,39820.5,39820.5,39820.5,39820.5
2024-05-21 12:45:50.000,39819.5,39820.5,39819.5,39820.5
2024-05-21 12:46:00.000,39820.0,39820.5,39819.5,39820.5
2024-05-21 12:46:10.000,39821.0,39821.5,39820.5,39821.5
2024-05-21 12:46:20.000,39821.0,39821.0,39821.0,39821.0
2024-05-21 12:46:30.000,39820.5,39820.5,39820.5,39820.5
2024-05-21 12:46:40.000,39819.5,39820.0,39819.5,39819.5
2024-05-21 12:46:50.000,39819.0,39819.5,39818.5,39819.5
2024-05-21 12:47:00.000,39819.0,39819.0,39818.5,39818.5
2024-05-21 12:47:10.000,39819.0,39819.5,39818.5,39818.5
2024-05-21 12:47:20.000,39817.5,39817.5,39817.0,39817.5
2024-05-21 12:47:30.000,39817.0,39818.0,39817.0,39817.5
2024-05-21 12:47:40.000,39817.0,39817.5,39816.5,39816.5
2024-05-21 12:47:50.000,39817.0,39817.0,39816.5,39816.5
2024-05-21 12:48:00.000,39817.0,39817.5,39817.0,39817.5
2024-05-21 12:48:10.000,39818.5,39818.5,39818.5,39818.5
2024-05-21 12:48:20.000,39817.5,39817.5,39816.0,39817.0
2024-05-21 12:48:30.000,39817.5,39817.5,39816.5,39816.5
2024-05-21 12:48:40.000,39816.0,39817.0,39816.0,39816.5
2024-05-21 12:48:50.000,39817.0,39817.0,39816.5,39817.0
2024-05-21 12:49:00.000,39816.5,39817.0,39816.5,39817.0
2024-05-21 12:49:10.000,39817.5,39818.0,39817.5,39817.5
2024-05-21 12:49:20.000,39816.5,39816.5,39816.5,39816.5
2024-05-21 12:49:30.000,39817.5,39817.5,39813.5,39814.5
2024-05-21 12:49:40.000,39814.0,39817.0,39813.5,39817.0
2024-05-21 12:49:50.000,39817.5,39817.5,39817.0,39817.5
2024-05-21 12:50:00.000,39817.0,39817.5,39817.0,39817.0
2024-05-21 12:50:10.000,39817.5,39817.5,39817.0,39817.5
2024-05-21 12:50:30.000,39818.0,39818.0,39818.0,39818.0
2024-05-21 12:50:50.000,39817.5,39817.5,39817.5,39817.5
2024-05-21 12:51:00.000,39817.0,39818.0,39817.0,39818.0
2024-05-21 12:51:10.000,39817.5,39817.5,39817.0,39817.5
2024-05-21 12:51:20.000,39817.0,39817.5,39817.0,39817.0
2024-05-21 12:51:30.000,39816.5,39817.5,39816.5,39817.5
2024-05-21 12:51:40.000,39818.0,39819.0,39818.0,39819.0
2024-05-21 12:51:50.000,39818.5,39820.0,39818.5,39819.5
2024-05-21 12:52:00.000,39820.0,39822.5,39820.0,39821.0
2024-05-21 12:52:10.000,39820.5,39821.0,39820.5,39821.0
2024-05-21 12:52:20.000,39820.5,39820.5,39819.0,39820.5
2024-05-21 12:52:30.000,39821.0,39821.0,39820.5,39820.5
2024-05-21 12:52:40.000,39820.0,39821.0,39820.0,39821.0
2024-05-21 12:52:50.000,39820.5,39820.5,39818.0,39818.5
2024-05-21 12:53:00.000,39818.0,39819.0,39817.5,39818.5
2024-05-21 12:53:10.000,39819.0,39819.0,39819.0,39819.0
2024-05-21 12:53:20.000,39819.5,39820.0,39819.5,39820.0
2024-05-21 12:53:30.000,39820.5,39820.5,39819.5,39819.5
2024-05-21 12:53:40.000,39820.0,39820.0,39819.0,39820.0
2024-05-21 12:53:50.000,39819.5,39820.0,39819.5,39820.0
2024-05-21 12:54:00.000,39819.5,39820.5,39819.0,39819.0
2024-05-21 12:54:10.000,39819.5,39821.5,39819.5,39821.0
2024-05-21 12:54:20.000,39820.5,39820.5,39820.0,39820.0
2024-05-21 12:54:30.000,39820.5,39820.5,39820.0,39820.0
2024-05-21 12:54:40.000,39820.5,39820.5,39819.0,39820.5
2024-05-21 12:55:00.000,39820.0,39820.0,39819.5,39819.5
2024-05-21 12:55:10.000,39819.0,39819.0,39819.0,39819.0
2024-05-21 12:55:20.000,39819.5,39819.5,39819.5,39819.5
2024-05-21 12:55:30.000,39819.0,39819.0,39818.5,39819.0
2024-05-21 12:55:40.000,39818.5,39818.5,39818.0,39818.0
2024-05-21 12:55:50.000,39818.5,39820.0,39818.5,39819.5
2024-05-21 12:56:00.000,39820.0,39820.0,39820.0,39820.0
2024-05-21 12:56:20.000,39819.5,39822.0,39819.5,39821.5
2024-05-21 12:56:30.000,39822.0,39822.0,39821.0,39821.0
2024-05-21 12:56:40.000,39820.5,39822.0,39820.5,39822.0
2024-05-21 12:56:50.000,39821.5,39822.5,39820.5,39821.0
2024-05-21 12:57:00.000,39821.5,39821.5,39820.5,39820.5
2024-05-21 12:57:20.000,39822.0,39822.0,39821.5,39822.0
2024-05-21 12:57:30.000,39822.5,39822.5,39821.5,39821.5
2024-05-21 12:57:40.000,39820.5,39822.0,39820.5,39821.5
2024-05-21 12:57:50.000,39821.0,39822.5,39821.0,39822.0
2024-05-21 12:58:00.000,39822.5,39823.0,39821.5,39822.0
2024-05-21 12:58:10.000,39822.5,39822.5,39822.0,39822.0
2024-05-21 12:58:20.000,39822.5,39823.0,39821.5,39822.0
2024-05-21 12:58:30.000,39821.5,39823.5,39821.5,39823.5
2024-05-21 12:58:40.000,39824.0,39824.0,39822.5,39823.0
2024-05-21 12:58:50.000,39823.5,39824.0,39823.5,39823.5
2024-05-21 12:59:00.000,39824.0,39824.0,39824.0,39824.0
2024-05-21 12:59:10.000,39823.5,39823.5,39821.5,39821.5
2024-05-21 12:59:20.000,39822.0,39822.0,39822.0,39822.0
2024-05-21 12:59:30.000,39821.5,39822.0,39821.5,39821.5
2024-05-21 12:59:40.000,39822.0,39822.0,39821.5,39821.5
2024-05-21 12:59:50.000,39822.0,39822.5,39821.5,39822.5
2024-05-21 13:00:00.000,39824.0,39825.0,39823.0,39823.0
2024-05-21 13:00:10.000,39823.5,39823.5,39823.0,39823.0
2024-05-21 13:00:20.000,39823.5,39825.0,39823.5,39824.5
2024-05-21 13:00:30.000,39825.0,39825.0,39822.0,39822.5
2024-05-21 13:00:40.000,39822.0,39822.5,39821.5,39822.5
2024-05-21 13:00:50.000,39823.0,39824.5,39823.0,39824.0
2024-05-21 13:01:00.000,39824.5,39825.0,39824.0,39824.0
2024-05-21 13:01:10.000,39824.5,39825.0,39824.0,39824.0
2024-05-21 13:01:20.000,39824.5,39825.0,39824.0,39824.0
2024-05-21 13:01:30.000,39824.5,39826.0,39824.5,39825.0
2024-05-21 13:01:40.000,39824.5,39826.0,39824.5,39825.5
2024-05-21 13:01:50.000,39825.0,39828.5,39825.0,39828.0
2024-05-21 13:02:00.000,39828.5,39828.5,39828.5,39828.5
2024-05-21 13:02:10.000,39829.0,39830.5,39828.5,39830.0
2024-05-21 13:02:20.000,39829.5,39829.5,39829.5,39829.5
2024-05-21 13:02:30.000,39830.0,39830.0,39829.5,39829.5
2024-05-21 13:02:40.000,39830.0,39831.0,39828.5,39828.5
2024-05-21 13:02:50.000,39828.0,39830.5,39827.5,39829.5
2024-05-21 13:03:00.000,39829.0,39830.5,39829.0,39829.5
2024-05-21 13:03:10.000,39830.0,39830.5,39829.5,39830.0
2024-05-21 13:03:20.000,39829.0,39830.5,39828.5,39830.5
2024-05-21 13:03:30.000,39831.0,39831.0,39830.0,39830.0
2024-05-21 13:03:40.000,39829.5,39830.0,39829.5,39830.0
2024-05-21 13:04:00.000,39830.5,39830.5,39829.5,39830.0
2024-05-21 13:04:10.000,39829.5,39829.5,39828.5,39829.0
2024-05-21 13:04:20.000,39828.5,39828.5,39825.5,39826.0
2024-05-21 13:04:30.000,39825.5,39826.0,39825.5,39825.5
2024-05-21 13:04:40.000,39825.0,39826.0,39825.0,39826.0
2024-05-21 13:04:50.000,39826.5,39827.0,39826.5,39827.0
2024-05-21 13:05:00.000,39826.5,39826.5,39825.5,39826.0
2024-05-21 13:05:10.000,39826.5,39827.0,39826.5,39827.0
2024-05-21 13:05:20.000,39826.0,39828.0,39826.0,39828.0
2024-05-21 13:05:30.000,39829.0,39829.0,39827.5,39828.0
2024-05-21 13:05:40.000,39828.5,39829.0,39828.0,39829.0
2024-05-21 13:05:50.000,39828.5,39828.5,39827.0,39828.0
2024-05-21 13:06:00.000,39828.5,39828.5,39828.0,39828.0
2024-05-21 13:06:10.000,39827.5,39828.0,39827.5,39828.0
2024-05-21 13:06:20.000,39827.5,39828.0,39827.5,39828.0
2024-05-21 13:06:30.000,39827.5,39828.0,39827.5,39828.0
2024-05-21 13:06:40.000,39827.5,39827.5,39824.5,39824.5
2024-05-21 13:06:50.000,39824.0,39824.0,39821.5,39821.5
2024-05-21 13:07:10.000,39822.5,39822.5,39820.0,39820.0
2024-05-21 13:07:20.000,39819.5,39820.0,39818.0,39818.5
2024-05-21 13:07:30.000,39819.0,39819.0,39817.5,39817.5
2024-05-21 13:07:40.000,39818.0,39819.0,39818.0,39819.0
2024-05-21 13:07:50.000,39819.5,39820.0,39819.5,39820.0
2024-05-21 13:08:00.000,39819.5,39819.5,39818.5,39819.0
2024-05-21 13:08:10.000,39818.5,39819.0,39818.0,39818.0
2024-05-21 13:08:20.000,39818.5,39818.5,39815.0,39815.0
2024-05-21 13:08:30.000,39815.5,39816.0,39814.5,39815.0
2024-05-21 13:08:40.000,39815.5,39816.5,39815.0,39815.0
2024-05-21 13:08:50.000,39814.5,39816.0,39814.5,39816.0
2024-05-21 13:09:00.000,39815.5,39817.0,39815.5,39815.5
2024-05-21 13:09:10.000,39816.0,39817.0,39816.0,39817.0
2024-05-21 13:09:20.000,39816.5,39818.0,39815.5,39818.0
2024-05-21 13:09:30.000,39817.5,39817.5,39815.0,39815.0
2024-05-21 13:09:40.000,39815.5,39815.5,39814.5,39814.5
2024-05-21 13:09:50.000,39814.0,39816.0,39814.0,39815.5
2024-05-21 13:10:00.000,39816.0,39816.5,39815.5,39816.5
2024-05-21 13:10:10.000,39817.0,39817.0,39817.0,39817.0
2024-05-21 13:10:20.000,39817.5,39818.5,39816.5,39817.0
2024-05-21 13:10:30.000,39816.5,39818.0,39816.5,39817.0
2024-05-21 13:10:40.000,39816.5,39818.5,39816.0,39818.5
2024-05-21 13:10:50.000,39819.5,39819.5,39818.0,39818.0
2024-05-21 13:11:00.000,39817.5,39819.0,39817.5,39819.0
2024-05-21 13:11:10.000,39819.5,39822.0,39819.5,39822.0
2024-05-21 13:11:20.000,39822.5,39823.5,39822.5,39823.0
2024-05-21 13:11:30.000,39823.5,39824.5,39823.5,39824.0
2024-05-21 13:11:40.000,39824.5,39824.5,39823.5,39824.5
2024-05-21 13:11:50.000,39825.0,39825.0,39822.5,39822.5
2024-05-21 13:12:00.000,39823.0,39824.0,39822.5,39822.5
2024-05-21 13:12:10.000,39821.5,39821.5,39820.0,39820.5
2024-05-21 13:12:20.000,39820.0,39821.5,39820.0,39821.5
2024-05-21 13:12:30.000,39822.5,39824.0,39822.5,39823.5
2024-05-21 13:12:40.000,39823.0,39823.5,39822.5,39823.5
2024-05-21 13:12:50.000,39824.0,39824.0,39821.0,39821.0
2024-05-21 13:13:00.000,39821.5,39822.0,39820.5,39821.5
2024-05-21 13:13:10.000,39822.5,39827.0,39822.0,39826.5
2024-05-21 13:13:20.000,39827.5,39827.5,39826.5,39827.5
2024-05-21 13:13:30.000,39828.0,39830.5,39828.0,39830.0
2024-05-21 13:13:40.000,39829.5,39835.0,39829.5,39835.0
2024-05-21 13:13:50.000,39835.5,39835.5,39834.5,39834.5
2024-05-21 13:14:00.000,39833.5,39835.0,39831.0,39832.0
2024-05-21 13:14:10.000,39831.5,39831.5,39830.5,39831.0
2024-05-21 13:14:20.000,39831.5,39833.0,39831.5,39833.0
2024-05-21 13:14:30.000,39833.5,39835.0,39833.5,39835.0
2024-05-21 13:14:40.000,39835.5,39837.5,39835.5,39835.5
2024-05-21 13:14:50.000,39834.5,39836.0,39833.5,39836.0
2024-05-21 13:15:00.000,39835.5,39837.5,39835.0,39836.0
2024-05-21 13:15:10.000,39835.5,39836.0,39835.5,39836.0
2024-05-21 13:15:20.000,39835.0,39836.5,39834.5,39836.0
2024-05-21 13:15:30.000,39836.5,39839.5,39836.5,39838.0
2024-05-21 13:15:40.000,39838.5,39838.5,39836.5,39836.5
2024-05-21 13:15:50.000,39836.0,39838.5,39836.0,39838.0
2024-05-21 13:16:00.000,39838.5,39838.5,39835.5,39835.5
2024-05-21 13:16:10.000,39836.0,39836.0,39834.0,39834.0
2024-05-21 13:16:20.000,39833.5,39835.0,39833.5,39834.5
2024-05-21 13:16:30.000,39835.0,39835.0,39834.5,39835.0
2024-05-21 13:16:40.000,39834.5,39834.5,39833.0,39834.0
2024-05-21 13:16:50.000,39834.5,39834.5,39833.0,39834.0
2024-05-21 13:17:00.000,39833.5,39834.0,39833.5,39833.5
2024-05-21 13:17:10.000,39832.5,39834.0,39832.5,39834.0
2024-05-21 13:17:20.000,39834.5,39836.0,39834.0,39834.0
2024-05-21 13:17:30.000,39833.5,39833.5,39832.0,39832.0
2024-05-21 13:17:40.000,39832.5,39833.0,39832.0,39832.0
2024-05-21 13:17:50.000,39832.5,39832.5,39832.0,39832.0
2024-05-21 13:18:00.000,39832.5,39833.0,39832.0,39833.0
2024-05-21 13:18:10.000,39833.5,39834.0,39833.5,39834.0
2024-05-21 13:18:20.000,39834.5,39834.5,39833.5,39834.0
2024-05-21 13:18:30.000,39834.5,39834.5,39832.0,39833.0
2024-05-21 13:18:40.000,39833.5,39834.0,39833.5,39834.0
2024-05-21 13:19:00.000,39834.5,39834.5,39833.0,39834.0
2024-05-21 13:19:10.000,39834.5,39835.0,39834.0,39834.5
2024-05-21 13:19:20.000,39835.0,39835.5,39835.0,39835.5
2024-05-21 13:19:30.000,39836.0,39836.0,39834.0,39834.5
2024-05-21 13:19:40.000,39835.0,39835.0,39833.5,39835.0
2024-05-21 13:19:50.000,39834.5,39835.5,39833.0,39833.0
2024-05-21 13:20:00.000,39832.5,39834.0,39832.0,39833.0
2024-05-21 13:20:10.000,39832.5,39832.5,39830.5,39830.5
2024-05-21 13:20:20.000,39831.0,39831.0,39829.5,39830.5
2024-05-21 13:20:30.000,39831.5,39832.5,39831.5,39832.0
2024-05-21 13:20:40.000,39831.5,39831.5,39831.0,39831.5
2024-05-21 13:20:50.000,39832.0,39832.5,39831.5,39832.0
2024-05-21 13:21:00.000,39831.5,39831.5,39829.5,39830.0
2024-05-21 13:21:10.000,39830.5,39831.0,39828.0,39828.0
2024-05-21 13:21:20.000,39828.5,39828.5,39828.0,39828.0
2024-05-21 13:21:30.000,39828.5,39828.5,39828.0,39828.5
2024-05-21 13:21:40.000,39829.0,39829.0,39828.5,39828.5
2024-05-21 13:21:50.000,39829.0,39829.5,39828.5,39828.5
2024-05-21 13:22:00.000,39828.0,39828.5,39828.0,39828.5
2024-05-21 13:22:10.000,39829.0,39830.0,39829.0,39830.0
2024-05-21 13:22:20.000,39829.5,39829.5,39829.0,39829.0
2024-05-21 13:22:30.000,39829.5,39830.0,39829.5,39830.0
2024-05-21 13:22:40.000,39829.5,39830.0,39827.0,39827.5
2024-05-21 13:22:50.000,39827.0,39828.0,39827.0,39827.5
2024-05-21 13:23:00.000,39828.0,39829.0,39828.0,39829.0
2024-05-21 13:23:10.000,39829.5,39829.5,39829.0,39829.0
2024-05-21 13:23:20.000,39828.5,39829.0,39828.0,39828.0
2024-05-21 13:23:30.000,39828.5,39828.5,39828.0,39828.5
2024-05-21 13:23:40.000,39828.0,39831.0,39828.0,39830.5
2024-05-21 13:23:50.000,39831.0,39831.0,39829.5,39829.5
2024-05-21 13:24:00.000,39830.0,39830.0,39829.5,39830.0
2024-05-21 13:24:10.000,39829.5,39829.5,39828.0,39828.0
2024-05-21 13:24:20.000,39828.5,39829.0,39827.5,39827.5
2024-05-21 13:24:30.000,39828.0,39828.5,39826.5,39826.5
2024-05-21 13:24:40.000,39826.0,39826.5,39825.0,39825.5
2024-05-21 13:24:50.000,39825.0,39826.0,39824.0,39826.0
2024-05-21 13:25:00.000,39825.5,39826.0,39825.0,39825.5
2024-05-21 13:25:10.000,39826.0,39826.0,39825.0,39825.0
2024-05-21 13:25:20.000,39825.5,39827.0,39825.5,39827.0
2024-05-21 13:25:30.000,39826.5,39826.5,39826.0,39826.5
2024-05-21 13:25:40.000,39826.0,39826.5,39825.5,39825.5
2024-05-21 13:25:50.000,39825.0,39825.5,39824.0,39824.5
2024-05-21 13:26:00.000,39824.0,39825.0,39824.0,39824.5
2024-05-21 13:26:10.000,39825.0,39825.5,39823.0,39823.5
2024-05-21 13:26:20.000,39824.0,39825.0,39822.0,39822.5
2024-05-21 13:26:30.000,39822.0,39824.0,39822.0,39824.0
2024-05-21 13:26:40.000,39824.5,39824.5,39824.5,39824.5
2024-05-21 13:26:50.000,39825.0,39827.5,39825.0,39827.5
2024-05-21 13:27:00.000,39827.0,39828.0,39826.0,39826.0
2024-05-21 13:27:10.000,39825.5,39826.5,39825.5,39826.5
2024-05-21 13:27:20.000,39827.0,39827.0,39824.0,39824.0
2024-05-21 13:27:30.000,39823.5,39824.0,39823.0,39823.0
2024-05-21 13:27:40.000,39822.5,39824.0,39822.5,39823.0
2024-05-21 13:27:50.000,39822.5,39823.0,39821.0,39822.0
2024-05-21 13:28:00.000,39822.5,39823.5,39821.5,39822.0
2024-05-21 13:28:10.000,39822.5,39823.0,39821.5,39823.0
2024-05-21 13:28:20.000,39822.5,39824.5,39822.5,39824.5
2024-05-21 13:28:30.000,39825.5,39825.5,39825.0,39825.0
2024-05-21 13:28:40.000,39824.5,39824.5,39823.5,39823.5
2024-05-21 13:28:50.000,39822.0,39822.0,39821.0,39821.0
2024-05-21 13:29:00.000,39820.5,39820.5,39817.5,39818.0
2024-05-21 13:29:10.000,39818.5,39818.5,39817.5,39818.0
2024-05-21 13:29:20.000,39817.5,39817.5,39815.0,39815.0
2024-05-21 13:29:30.000,39814.5,39817.0,39814.5,39816.0
2024-05-21 13:29:40.000,39815.5,39815.5,39815.5,39815.5
2024-05-21 13:29:50.000,39815.0,39815.5,39813.5,39814.0
2024-05-21 13:30:00.000,39813.5,39816.0,39811.0,39812.5
2024-05-21 13:30:10.000,39812.0,39813.5,39811.5,39813.5
2024-05-21 13:30:20.000,39814.0,39814.0,39812.0,39812.0
2024-05-21 13:30:30.000,39812.5,39813.0,39811.0,39813.0
2024-05-21 13:30:40.000,39812.5,39812.5,39807.5,39808.0
2024-05-21 13:30:50.000,39808.5,39810.0,39807.0,39807.0
2024-05-21 13:31:00.000,39806.0,39806.0,39800.5,39804.0
2024-05-21 13:31:10.000,39804.5,39806.0,39803.5,39805.0
2024-05-21 13:31:20.000,39804.5,39804.5,39802.5,39803.0
2024-05-21 13:31:30.000,39802.5,39802.5,39801.0,39802.0
2024-05-21 13:31:40.000,39801.5,39802.0,39793.0,39793.0
2024-05-21 13:31:50.000,39794.5,39796.0,39794.0,39796.0
2024-05-21 13:32:00.000,39796.5,39798.0,39796.0,39797.0
2024-05-21 13:32:10.000,39799.5,39800.0,39798.0,39798.5
2024-05-21 13:32:20.000,39798.0,39800.5,39796.0,39799.5
2024-05-21 13:32:30.000,39798.5,39800.0,39797.5,39799.0
2024-05-21 13:32:40.000,39798.5,39799.0,39796.0,39799.0
2024-05-21 13:32:50.000,39798.5,39803.5,39798.0,39803.0
2024-05-21 13:33:00.000,39802.5,39803.0,39800.0,39800.5
2024-05-21 13:33:10.000,39801.0,39801.0,39797.0,39798.0
2024-05-21 13:33:20.000,39799.0,39801.0,39797.0,39797.0
2024-05-21 13:33:30.000,39797.5,39800.0,39797.0,39799.0
2024-05-21 13:33:40.000,39798.5,39798.5,39795.0,39796.5
2024-05-21 13:33:50.000,39797.0,39798.5,39796.0,39798.0
2024-05-21 13:34:00.000,39798.5,39800.0,39798.0,39800.0
2024-05-21 13:34:10.000,39799.5,39800.0,39798.5,39799.5
2024-05-21 13:34:20.000,39800.0,39802.0,39800.0,39801.5
2024-05-21 13:34:30.000,39802.0,39803.0,39801.5,39802.5
2024-05-21 13:34:40.000,39803.0,39803.0,39802.0,39802.5
2024-05-21 13:34:50.000,39803.0,39804.5,39801.0,39801.0
2024-05-21 13:35:00.000,39800.0,39801.5,39794.5,39798.0
2024-05-21 13:35:10.000,39797.5,39801.0,39797.5,39801.0
2024-05-21 13:35:20.000,39800.5,39802.0,39800.0,39801.0
2024-05-21 13:35:30.000,39801.5,39802.0,39800.5,39801.0
2024-05-21 13:35:40.000,39800.5,39802.0,39800.5,39802.0
2024-05-21 13:35:50.000,39801.5,39802.0,39799.5,39802.0
2024-05-21 13:36:00.000,39801.5,39802.5,39800.5,39802.5
2024-05-21 13:36:10.000,39802.0,39803.0,39802.0,39803.0
2024-05-21 13:36:20.000,39801.5,39803.0,39801.5,39803.0
2024-05-21 13:36:30.000,39803.5,39804.0,39803.0,39803.0
2024-05-21 13:36:40.000,39803.5,39805.0,39803.0,39804.0
2024-05-21 13:36:50.000,39803.5,39804.0,39803.5,39803.5
2024-05-21 13:37:00.000,39803.0,39803.5,39802.0,39803.0
2024-05-21 13:37:10.000,39803.5,39805.0,39802.5,39804.0
2024-05-21 13:37:20.000,39804.5,39805.5,39799.0,39800.0
2024-05-21 13:37:30.000,39800.5,39801.0,39799.5,39799.5
2024-05-21 13:37:40.000,39799.0,39800.5,39796.5,39800.0
2024-05-21 13:37:50.000,39799.5,39801.0,39799.0,39799.0
2024-05-21 13:38:00.000,39799.5,39799.5,39797.0,39798.0
2024-05-21 13:38:10.000,39797.5,39798.0,39797.0,39797.0
2024-05-21 13:38:20.000,39797.5,39798.5,39797.5,39798.0
2024-05-21 13:38:30.000,39797.5,39799.0,39797.5,39798.5
2024-05-21 13:38:40.000,39798.0,39798.0,39796.5,39798.0
2024-05-21 13:38:50.000,39798.5,39802.0,39798.5,39802.0
2024-05-21 13:39:00.000,39802.5,39804.0,39801.5,39802.5
2024-05-21 13:39:10.000,39803.0,39803.0,39801.0,39802.0
2024-05-21 13:39:20.000,39802.5,39805.0,39802.5,39805.0
2024-05-21 13:39:30.000,39804.5,39806.0,39804.5,39805.0
2024-05-21 13:39:40.000,39804.5,39805.0,39804.0,39804.0
2024-05-21 13:39:50.000,39804.5,39805.0,39804.5,39804.5
2024-05-21 13:40:00.000,39804.0,39805.0,39803.5,39804.0
2024-05-21 13:40:10.000,39803.5,39804.5,39803.0,39803.0
2024-05-21 13:40:20.000,39803.5,39804.0,39799.5,39801.0
2024-05-21 13:40:30.000,39800.5,39800.5,39799.0,39799.0
2024-05-21 13:40:40.000,39799.5,39803.0,39799.5,39802.0
2024-05-21 13:40:50.000,39801.5,39802.0,39800.0,39801.0
2024-05-21 13:41:00.000,39800.5,39800.5,39798.5,39798.5
2024-05-21 13:41:10.000,39799.0,39799.5,39797.5,39798.5
2024-05-21 13:41:20.000,39799.0,39799.5,39797.0,39797.5
2024-05-21 13:41:30.000,39799.0,39799.0,39797.5,39798.0
2024-05-21 13:41:40.000,39798.5,39801.0,39798.0,39799.5
2024-05-21 13:41:50.000,39798.5,39799.0,39797.5,39797.5
2024-05-21 13:42:00.000,39797.0,39797.0,39796.0,39796.0
2024-05-21 13:42:10.000,39795.5,39796.0,39794.5,39796.0
2024-05-21 13:42:20.000,39795.5,39796.0,39795.5,39796.0
2024-05-21 13:42:30.000,39795.5,39796.5,39795.5,39796.0
2024-05-21 13:42:40.000,39796.5,39796.5,39796.0,39796.5
2024-05-21 13:42:50.000,39797.0,39797.0,39797.0,39797.0
2024-05-21 13:43:00.000,39796.5,39796.5,39795.0,39796.0
2024-05-21 13:43:10.000,39795.5,39796.0,39795.5,39796.0
2024-05-21 13:43:20.000,39796.5,39799.0,39796.5,39799.0
2024-05-21 13:43:30.000,39799.5,39800.0,39797.5,39798.5
2024-05-21 13:43:40.000,39798.0,39798.0,39797.0,39798.0
2024-05-21 13:43:50.000,39797.5,39800.0,39797.5,39800.0
2024-05-21 13:44:00.000,39800.5,39803.0,39800.5,39801.0
2024-05-21 13:44:10.000,39800.5,39801.5,39800.5,39801.0
2024-05-21 13:44:20.000,39801.5,39802.0,39801.0,39801.5
2024-05-21 13:44:30.000,39802.0,39804.0,39802.0,39803.0
2024-05-21 13:44:40.000,39803.5,39803.5,39803.0,39803.0
2024-05-21 13:44:50.000,39802.5,39803.5,39802.5,39803.0
2024-05-21 13:45:00.000,39802.5,39803.0,39800.0,39801.0
2024-05-21 13:45:10.000,39801.5,39803.0,39801.0,39803.0
2024-05-21 13:45:20.000,39803.5,39804.5,39803.0,39803.0
2024-05-21 13:45:30.000,39803.5,39804.0,39803.0,39804.0
2024-05-21 13:45:40.000,39804.5,39806.0,39804.0,39806.0
2024-05-21 13:45:50.000,39805.5,39805.5,39804.0,39804.0
2024-05-21 13:46:00.000,39803.5,39804.0,39802.0,39804.0
2024-05-21 13:46:10.000,39805.0,39805.5,39804.0,39805.0
2024-05-21 13:46:20.000,39805.5,39807.5,39805.5,39807.0
2024-05-21 13:46:30.000,39807.5,39810.0,39807.5,39810.0
2024-05-21 13:46:40.000,39810.5,39810.5,39810.0,39810.0
2024-05-21 13:46:50.000,39810.5,39812.5,39810.5,39812.5
2024-05-21 13:47:00.000,39813.0,39815.5,39813.0,39815.0
2024-05-21 13:47:10.000,39815.5,39818.0,39815.5,39816.0
2024-05-21 13:47:20.000,39817.0,39818.0,39813.5,39814.5
2024-05-21 13:47:30.000,39815.0,39816.0,39814.0,39814.5
2024-05-21 13:47:40.000,39814.0,39815.0,39814.0,39814.5
2024-05-21 13:47:50.000,39815.0,39815.0,39812.0,39813.0
2024-05-21 13:48:00.000,39813.5,39815.0,39813.5,39814.5
2024-05-21 13:48:10.000,39813.5,39814.0,39812.5,39813.5
2024-05-21 13:48:20.000,39814.0,39814.5,39814.0,39814.0
2024-05-21 13:48:30.000,39814.5,39816.0,39813.5,39816.0
2024-05-21 13:48:40.000,39815.5,39816.0,39814.5,39816.0
2024-05-21 13:48:50.000,39815.5,39818.0,39815.5,39818.0
2024-05-21 13:49:00.000,39818.5,39819.0,39817.5,39819.0
2024-05-21 13:49:10.000,39818.0,39818.0,39817.5,39817.5
2024-05-21 13:49:20.000,39818.0,39819.5,39818.0,39819.0
2024-05-21 13:49:30.000,39818.5,39819.5,39818.5,39819.5
2024-05-21 13:49:40.000,39818.5,39819.0,39818.5,39819.0
2024-05-21 13:49:50.000,39818.5,39819.5,39818.5,39819.0
2024-05-21 13:50:00.000,39819.5,39822.0,39819.5,39821.0
2024-05-21 13:50:10.000,39820.5,39822.5,39820.0,39822.5
2024-05-21 13:50:20.000,39823.0,39825.5,39821.0,39825.5
2024-05-21 13:50:30.000,39825.0,39827.0,39825.0,39827.0
2024-05-21 13:50:40.000,39827.5,39829.0,39827.0,39829.0
2024-05-21 13:50:50.000,39829.5,39829.5,39828.5,39828.5
2024-05-21 13:51:00.000,39828.0,39828.5,39827.0,39827.0
2024-05-21 13:51:10.000,39827.5,39829.0,39827.0,39828.0
2024-05-21 13:51:20.000,39828.5,39831.5,39828.5,39829.5
2024-05-21 13:51:30.000,39830.0,39830.0,39829.5,39830.0
2024-05-21 13:51:40.000,39829.5,39829.5,39828.0,39828.0
2024-05-21 13:51:50.000,39828.5,39829.0,39827.5,39828.0
2024-05-21 13:52:00.000,39828.5,39830.0,39828.5,39830.0
2024-05-21 13:52:10.000,39830.5,39831.5,39830.0,39831.5
2024-05-21 13:52:20.000,39830.5,39831.5,39830.5,39831.5
2024-05-21 13:52:30.000,39831.0,39831.0,39828.5,39828.5
2024-05-21 13:52:40.000,39829.0,39831.0,39829.0,39830.0
2024-05-21 13:52:50.000,39831.0,39831.5,39831.0,39831.0
2024-05-21 13:53:00.000,39830.5,39830.5,39828.0,39828.0
2024-05-21 13:53:10.000,39827.5,39827.5,39826.0,39826.0
2024-05-21 13:53:20.000,39825.5,39827.0,39824.5,39825.0
2024-05-21 13:53:30.000,39825.5,39827.0,39825.0,39827.0
2024-05-21 13:53:40.000,39826.5,39827.0,39826.5,39827.0
2024-05-21 13:53:50.000,39826.5,39828.0,39826.5,39828.0
2024-05-21 13:54:00.000,39828.5,39828.5,39827.5,39828.0
2024-05-21 13:54:10.000,39827.5,39827.5,39825.0,39825.0
2024-05-21 13:54:20.000,39824.5,39827.0,39824.5,39827.0
2024-05-21 13:54:30.000,39827.5,39828.0,39826.5,39827.0
2024-05-21 13:54:40.000,39827.5,39828.0,39825.5,39826.0
2024-05-21 13:54:50.000,39826.5,39827.0,39826.0,39827.0
2024-05-21 13:55:00.000,39826.0,39826.5,39823.5,39824.5
2024-05-21 13:55:10.000,39825.5,39828.5,39825.0,39828.5
2024-05-21 13:55:20.000,39828.0,39828.0,39827.0,39827.0
2024-05-21 13:55:30.000,39827.5,39828.5,39826.5,39827.5
2024-05-21 13:55:40.000,39828.0,39828.0,39825.5,39826.0
2024-05-21 13:55:50.000,39825.5,39826.0,39825.5,39826.0
2024-05-21 13:56:00.000,39825.5,39826.0,39825.0,39825.0
2024-05-21 13:56:10.000,39824.5,39825.0,39823.5,39825.0
2024-05-21 13:56:20.000,39824.5,39826.5,39824.5,39826.0
2024-05-21 13:56:30.000,39826.5,39826.5,39825.5,39826.0
2024-05-21 13:56:40.000,39825.5,39826.0,39825.5,39826.0
2024-05-21 13:56:50.000,39825.5,39825.5,39824.0,39824.5
2024-05-21 13:57:00.000,39825.0,39825.5,39824.5,39825.0
2024-05-21 13:57:10.000,39824.5,39825.5,39824.0,39824.0
2024-05-21 13:57:20.000,39824.5,39825.5,39824.0,39825.0
2024-05-21 13:57:30.000,39825.5,39825.5,39823.5,39824.0
2024-05-21 13:57:40.000,39823.5,39823.5,39819.5,39822.0
2024-05-21 13:57:50.000,39822.5,39823.0,39821.0,39821.0
2024-05-21 13:58:00.000,39820.5,39821.0,39820.0,39821.0
2024-05-21 13:58:10.000,39820.5,39821.0,39820.0,39820.0
2024-05-21 13:58:20.000,39820.5,39821.0,39819.5,39821.0
2024-05-21 13:58:30.000,39820.5,39821.0,39819.5,39820.0
2024-05-21 13:58:40.000,39819.5,39820.0,39819.5,39820.0
2024-05-21 13:58:50.000,39819.5,39819.5,39819.0,39819.5
2024-05-21 13:59:00.000,39820.0,39820.0,39819.0,39820.0
2024-05-21 13:59:10.000,39819.5,39819.5,39819.5,39819.5
2024-05-21 13:59:20.000,39819.0,39820.0,39819.0,39819.0
2024-05-21 13:59:30.000,39819.5,39820.5,39819.0,39819.0
2024-05-21 13:59:40.000,39819.5,39819.5,39819.0,39819.0
2024-05-21 13:59:50.000,39819.5,39820.5,39819.0,39819.0
2024-05-21 14:00:00.000,39819.5,39821.0,39787.5,39789.5
2024-05-21 14:00:10.000,39790.0,39797.5,39788.0,39794.0
2024-05-21 14:00:20.000,39794.5,39804.0,39794.0,39802.0
2024-05-21 14:00:30.000,39802.5,39803.5,39786.0,39795.0
2024-05-21 14:00:40.000,39795.5,39798.0,39789.5,39796.0
2024-05-21 14:00:50.000,39796.5,39802.0,39796.0,39798.5
2024-05-21 14:01:00.000,39799.0,39799.0,39789.0,39793.0
2024-05-21 14:01:10.000,39792.5,39794.0,39781.0,39788.0
2024-05-21 14:01:20.000,39787.5,39792.0,39785.0,39786.0
2024-05-21 14:01:30.000,39786.5,39790.0,39784.5,39789.5
2024-05-21 14:01:40.000,39790.0,39794.0,39788.0,39792.0
2024-05-21 14:01:50.000,39793.0,39797.0,39792.0,39796.0
2024-05-21 14:02:00.000,39795.5,39800.0,39793.5,39793.5
2024-05-21 14:02:10.000,39794.5,39794.5,39788.5,39790.0
2024-05-21 14:02:20.000,39789.5,39793.0,39786.5,39786.5
2024-05-21 14:02:30.000,39787.0,39788.0,39785.0,39787.0
2024-05-21 14:02:40.000,39786.5,39791.0,39786.0,39790.0
2024-05-21 14:02:50.000,39790.5,39793.0,39789.0,39791.0
2024-05-21 14:03:00.000,39790.5,39798.0,39790.5,39797.0
2024-05-21 14:03:10.000,39797.5,39798.5,39794.0,39795.0
2024-05-21 14:03:20.000,39794.5,39796.0,39793.0,39793.0
2024-05-21 14:03:30.000,39793.5,39794.0,39790.0,39790.0
2024-05-21 14:03:40.000,39791.0,39791.0,39786.5,39789.0
2024-05-21 14:03:50.000,39789.5,39794.0,39789.0,39794.0
2024-05-21 14:04:00.000,39793.0,39801.0,39793.0,39801.0
2024-05-21 14:04:10.000,39801.5,39802.0,39799.0,39799.0
2024-05-21 14:04:20.000,39798.5,39800.0,39797.0,39797.0
2024-05-21 14:04:30.000,39797.5,39799.0,39796.5,39798.0
2024-05-21 14:04:40.000,39797.5,39800.0,39797.0,39798.5
2024-05-21 14:04:50.000,39798.0,39800.0,39797.0,39799.0
2024-05-21 14:05:00.000,39798.5,39804.0,39798.5,39802.0
2024-05-21 14:05:10.000,39803.0,39803.0,39800.0,39800.0
2024-05-21 14:05:20.000,39800.5,39802.5,39800.0,39801.0
2024-05-21 14:05:30.000,39801.5,39802.0,39797.0,39797.0
2024-05-21 14:05:40.000,39797.5,39798.0,39797.0,39797.0
2024-05-21 14:05:50.000,39797.5,39799.5,39797.0,39797.0
2024-05-21 14:06:00.000,39797.5,39801.0,39797.5,39801.0
2024-05-21 14:06:10.000,39801.5,39806.0,39799.0,39806.0
2024-05-21 14:06:20.000,39806.5,39811.0,39806.5,39809.5
2024-05-21 14:06:30.000,39810.0,39810.0,39808.0,39809.0
2024-05-21 14:06:40.000,39808.5,39811.5,39808.0,39811.0
2024-05-21 14:06:50.000,39810.5,39812.0,39810.5,39812.0
2024-05-21 14:07:00.000,39812.5,39813.5,39811.0,39811.0
2024-05-21 14:07:10.000,39810.5,39813.0,39809.5,39812.5
2024-05-21 14:07:20.000,39812.0,39812.0,39808.0,39809.0
2024-05-21 14:07:30.000,39809.5,39812.5,39809.5,39811.0
2024-05-21 14:07:40.000,39811.5,39813.0,39809.0,39809.0
2024-05-21 14:07:50.000,39808.5,39811.0,39807.0,39809.5
2024-05-21 14:08:00.000,39810.0,39817.5,39810.0,39817.5
2024-05-21 14:08:10.000,39819.0,39827.0,39819.0,39827.0
2024-05-21 14:08:20.000,39826.5,39826.5,39819.0,39822.0
2024-05-21 14:08:30.000,39822.5,39825.0,39819.0,39819.0
2024-05-21 14:08:40.000,39819.5,39821.0,39816.5,39821.0
2024-05-21 14:08:50.000,39821.5,39824.0,39820.0,39824.0
2024-05-21 14:09:00.000,39823.5,39825.5,39822.0,39824.0
2024-05-21 14:09:10.000,39823.5,39824.0,39819.0,39820.0
2024-05-21 14:09:20.000,39819.5,39821.5,39819.0,39819.0
2024-05-21 14:09:30.000,39819.5,39820.5,39818.0,39820.0
2024-05-21 14:09:40.000,39820.5,39820.5,39818.5,39819.0
2024-05-21 14:09:50.000,39819.5,39821.0,39819.5,39821.0
2024-05-21 14:10:00.000,39820.5,39821.5,39819.0,39819.0
2024-05-21 14:10:10.000,39819.5,39820.5,39819.0,39820.0
2024-05-21 14:10:20.000,39820.5,39826.0,39819.0,39826.0
2024-05-21 14:10:30.000,39825.5,39827.0,39823.5,39825.0
2024-05-21 14:10:40.000,39824.5,39827.0,39824.0,39827.0
2024-05-21 14:10:50.000,39827.5,39831.5,39827.0,39829.0
2024-05-21 14:11:00.000,39829.5,39830.5,39827.0,39827.0
2024-05-21 14:11:10.000,39829.0,39829.5,39826.0,39826.0
2024-05-21 14:11:20.000,39825.5,39830.0,39825.0,39829.0
2024-05-21 14:11:30.000,39829.5,39830.0,39826.0,39827.0
2024-05-21 14:11:40.000,39827.5,39827.5,39823.0,39823.0
2024-05-21 14:11:50.000,39822.5,39825.0,39822.0,39825.0
2024-05-21 14:12:00.000,39824.5,39826.0,39822.0,39826.0
2024-05-21 14:12:10.000,39826.5,39828.0,39826.0,39827.0
2024-05-21 14:12:20.000,39827.5,39830.0,39827.0,39829.5
2024-05-21 14:12:30.000,39830.0,39830.0,39827.0,39827.0
2024-05-21 14:12:40.000,39827.5,39827.5,39826.0,39826.0
2024-05-21 14:12:50.000,39826.5,39827.0,39823.0,39823.5
2024-05-21 14:13:00.000,39823.0,39823.5,39820.0,39820.0
2024-05-21 14:13:10.000,39820.5,39822.0,39820.0,39821.0
2024-05-21 14:13:20.000,39820.5,39823.0,39818.5,39821.5
2024-05-21 14:13:30.000,39821.0,39822.5,39817.5,39818.0
2024-05-21 14:13:40.000,39817.5,39819.0,39815.5,39816.0
2024-05-21 14:13:50.000,39817.0,39820.0,39816.5,39818.0
2024-05-21 14:14:00.000,39817.0,39819.0,39812.0,39812.0
2024-05-21 14:14:10.000,39811.5,39816.0,39810.0,39810.0
2024-05-21 14:14:20.000,39810.5,39814.0,39810.0,39813.0
2024-05-21 14:14:30.000,39813.5,39816.0,39811.0,39812.0
2024-05-21 14:14:40.000,39812.5,39813.0,39810.5,39811.0
2024-05-21 14:14:50.000,39810.5,39812.0,39810.0,39812.0
2024-05-21 14:15:00.000,39811.5,39814.0,39811.0,39814.0
2024-05-21 14:15:10.000,39813.5,39817.0,39813.5,39816.0
2024-05-21 14:15:20.000,39815.5,39816.0,39814.0,39814.0
2024-05-21 14:15:30.000,39814.5,39814.5,39812.0,39813.5
2024-05-21 14:15:40.000,39813.0,39816.0,39812.0,39814.5
2024-05-21 14:15:50.000,39815.5,39816.5,39815.0,39815.0
2024-05-21 14:16:00.000,39814.5,39819.0,39814.5,39817.0
2024-05-21 14:16:10.000,39816.5,39818.5,39815.0,39818.0
2024-05-21 14:16:20.000,39817.5,39819.5,39817.0,39818.0
2024-05-21 14:16:30.000,39817.5,39824.0,39816.0,39824.0
2024-05-21 14:16:40.000,39823.5,39823.5,39821.5,39821.5
2024-05-21 14:16:50.000,39822.0,39823.0,39821.0,39822.0
2024-05-21 14:17:00.000,39822.5,39825.0,39822.0,39824.5
2024-05-21 14:17:10.000,39824.0,39825.0,39821.0,39824.5
2024-05-21 14:17:20.000,39824.0,39829.5,39824.0,39828.5
2024-05-21 14:17:30.000,39828.0,39829.0,39827.0,39829.0
2024-05-21 14:17:40.000,39829.5,39830.0,39826.0,39827.0
2024-05-21 14:17:50.000,39826.5,39828.0,39826.0,39827.0
2024-05-21 14:18:00.000,39826.5,39831.0,39826.5,39831.0
2024-05-21 14:18:10.000,39831.5,39832.5,39828.0,39828.0
2024-05-21 14:18:20.000,39827.5,39828.0,39826.5,39827.5
2024-05-21 14:18:30.000,39827.0,39829.0,39827.0,39828.0
2024-05-21 14:18:40.000,39827.5,39829.0,39825.0,39826.0
2024-05-21 14:18:50.000,39825.5,39828.0,39825.0,39828.0
2024-05-21 14:19:00.000,39829.0,39832.5,39829.0,39832.0
2024-05-21 14:19:10.000,39831.5,39833.5,39831.5,39832.5
2024-05-21 14:19:20.000,39832.0,39834.0,39831.0,39831.5
2024-05-21 14:19:30.000,39831.0,39832.0,39828.5,39829.0
2024-05-21 14:19:40.000,39828.5,39830.0,39825.0,39826.0
2024-05-21 14:19:50.000,39825.5,39827.0,39825.0,39826.5
2024-05-21 14:20:00.000,39827.0,39830.5,39827.0,39829.5
2024-05-21 14:20:10.000,39831.0,39833.5,39831.0,39833.5
2024-05-21 14:20:20.000,39834.0,39837.0,39833.5,39837.0
2024-05-21 14:20:30.000,39837.5,39839.0,39836.0,39836.0
2024-05-21 14:20:40.000,39836.5,39838.0,39836.0,39837.0
2024-05-21 14:20:50.000,39837.5,39839.0,39834.5,39839.0
2024-05-21 14:21:00.000,39838.5,39842.5,39836.0,39842.0
2024-05-21 14:21:10.000,39844.0,39847.0,39843.5,39844.5
2024-05-21 14:21:20.000,39845.5,39846.0,39844.0,39844.5
2024-05-21 14:21:30.000,39845.0,39845.0,39843.0,39843.0
2024-05-21 14:21:40.000,39842.5,39842.5,39830.5,39830.5
2024-05-21 14:21:50.000,39829.0,39832.0,39829.0,39831.5
2024-05-21 14:22:00.000,39831.0,39831.0,39827.5,39829.0
2024-05-21 14:22:10.000,39828.5,39830.0,39828.0,39829.0
2024-05-21 14:22:20.000,39828.5,39829.0,39827.5,39829.0
2024-05-21 14:22:30.000,39828.5,39829.5,39827.5,39829.0
2024-05-21 14:22:40.000,39829.5,39831.0,39829.0,39829.0
2024-05-21 14:22:50.000,39829.5,39829.5,39828.5,39828.5
2024-05-21 14:23:00.000,39829.0,39834.5,39829.0,39834.5
2024-05-21 14:23:10.000,39835.0,39837.0,39834.0,39837.0
2024-05-21 14:23:20.000,39837.5,39839.0,39830.0,39832.5
2024-05-21 14:23:30.000,39833.0,39836.0,39832.5,39835.0
2024-05-21 14:23:40.000,39834.5,39834.5,39831.0,39832.0
2024-05-21 14:23:50.000,39832.5,39834.0,39830.5,39834.0
2024-05-21 14:24:00.000,39834.5,39835.0,39832.0,39833.5
2024-05-21 14:24:10.000,39835.0,39835.5,39831.0,39832.5
2024-05-21 14:24:20.000,39833.0,39834.0,39831.0,39833.5
2024-05-21 14:24:30.000,39834.0,39836.5,39834.0,39836.5
2024-05-21 14:24:40.000,39837.0,39840.0,39837.0,39839.0
2024-05-21 14:24:50.000,39840.0,39840.0,39834.0,39834.5
2024-05-21 14:25:00.000,39834.0,39838.0,39834.0,39836.0
2024-05-21 14:25:10.000,39836.5,39837.0,39835.0,39836.0
2024-05-21 14:25:20.000,39836.5,39837.0,39833.5,39835.0
2024-05-21 14:25:30.000,39834.5,39834.5,39832.0,39834.0
2024-05-21 14:25:40.000,39833.5,39835.5,39833.5,39834.0
2024-05-21 14:25:50.000,39833.5,39834.5,39833.0,39834.0
2024-05-21 14:26:00.000,39833.5,39835.0,39831.5,39832.0
2024-05-21 14:26:10.000,39833.0,39836.0,39833.0,39835.0
2024-05-21 14:26:20.000,39834.5,39834.5,39830.0,39830.0
2024-05-21 14:26:30.000,39830.5,39831.5,39829.5,39829.5
2024-05-21 14:26:40.000,39829.0,39830.0,39825.0,39825.0
2024-05-21 14:26:50.000,39826.0,39827.0,39824.0,39827.0
2024-05-21 14:27:00.000,39826.5,39827.0,39825.0,39825.5
2024-05-21 14:27:10.000,39826.0,39827.0,39824.0,39826.0
2024-05-21 14:27:20.000,39826.5,39828.0,39826.0,39826.5
2024-05-21 14:27:30.000,39826.0,39828.0,39825.0,39828.0
2024-05-21 14:27:40.000,39827.5,39831.0,39827.0,39830.5
2024-05-21 14:27:50.000,39830.0,39832.0,39828.5,39830.0
2024-05-21 14:28:00.000,39831.0,39836.0,39830.5,39834.0
2024-05-21 14:28:10.000,39833.5,39835.0,39831.5,39832.0
2024-05-21 14:28:20.000,39832.5,39833.5,39830.0,39830.0
2024-05-21 14:28:30.000,39829.5,39830.0,39828.0,39829.0
2024-05-21 14:28:40.000,39828.5,39828.5,39825.5,39828.0
2024-05-21 14:28:50.000,39828.5,39831.5,39828.5,39830.0
2024-05-21 14:29:00.000,39829.5,39831.0,39828.0,39830.5
2024-05-21 14:29:10.000,39832.0,39832.5,39829.0,39829.0
2024-05-21 14:29:20.000,39829.5,39831.0,39827.0,39827.0
2024-05-21 14:29:30.000,39826.5,39828.5,39825.5,39827.0
2024-05-21 14:29:40.000,39827.5,39829.0,39824.5,39825.0
2024-05-21 14:29:50.000,39826.0,39837.0,39825.5,39833.0
2024-05-21 14:30:00.000,39833.0,39836.5,39822.5,39826.5
2024-05-21 14:30:10.000,39826.0,39835.5,39824.0,39835.5
2024-05-21 14:30:20.000,39835.0,39853.5,39833.5,39842.5
2024-05-21 14:30:30.000,39842.0,39843.0,39822.0,39831.0
2024-05-21 14:30:40.000,39830.0,39843.0,39829.0,39842.0
2024-05-21 14:30:50.000,39841.5,39848.5,39838.5,39842.0
2024-05-21 14:31:00.000,39842.5,39850.5,39838.0,39838.5
2024-05-21 14:31:10.000,39839.5,39842.5,39829.0,39837.5
2024-05-21 14:31:20.000,39838.5,39841.0,39831.0,39833.5
2024-05-21 14:31:30.000,39833.0,39835.5,39827.5,39828.0
2024-05-21 14:31:40.000,39828.5,39830.5,39809.5,39811.5
2024-05-21 14:31:50.000,39810.5,39820.5,39809.5,39811.5
2024-05-21 14:32:00.000,39811.0,39814.0,39808.5,39811.5
2024-05-21 14:32:10.000,39811.0,39815.5,39808.5,39808.5
2024-05-21 14:32:20.000,39809.0,39825.0,39808.0,39819.5
2024-05-21 14:32:30.000,39818.5,39825.5,39816.5,39821.5
2024-05-21 14:32:40.000,39822.5,39824.5,39817.5,39822.0
2024-05-21 14:32:50.000,39822.5,39830.5,39820.5,39822.5
2024-05-21 14:33:00.000,39824.0,39832.5,39822.5,39830.5
2024-05-21 14:33:10.000,39830.0,39832.0,39817.5,39821.5
2024-05-21 14:33:20.000,39822.0,39822.5,39814.5,39816.0
2024-05-21 14:33:30.000,39816.5,39816.5,39807.5,39809.0
2024-05-21 14:33:40.000,39808.0,39811.5,39806.5,39807.0
2024-05-21 14:33:50.000,39806.0,39811.5,39805.5,39809.0
2024-05-21 14:34:00.000,39809.5,39815.5,39806.5,39806.5
2024-05-21 14:34:10.000,39807.5,39809.5,39801.0,39805.0
2024-05-21 14:34:20.000,39805.5,39810.0,39805.0,39808.5
2024-05-21 14:34:30.000,39809.0,39819.5,39807.5,39818.5
2024-05-21 14:34:40.000,39817.5,39818.5,39802.0,39805.5
2024-05-21 14:34:50.000,39804.0,39805.0,39797.0,39797.0
2024-05-21 14:35:00.000,39796.5,39807.0,39795.5,39799.5
2024-05-21 14:35:10.000,39796.5,39797.5,39792.5,39794.5
2024-05-21 14:35:20.000,39795.0,39795.0,39784.5,39786.5
2024-05-21 14:35:30.000,39787.0,39789.5,39780.5,39782.5
2024-05-21 14:35:40.000,39781.5,39789.5,39778.5,39789.5
2024-05-21 14:35:50.000,39789.0,39797.0,39787.5,39796.5
2024-05-21 14:36:00.000,39797.0,39806.5,39796.5,39803.5
2024-05-21 14:36:10.000,39803.0,39816.5,39802.5,39816.5
2024-05-21 14:36:20.000,39816.0,39818.5,39807.5,39808.0
2024-05-21 14:36:30.000,39807.5,39808.5,39803.5,39808.5
2024-05-21 14:36:40.000,39807.5,39809.5,39805.5,39808.5
2024-05-21 14:36:50.000,39808.0,39809.5,39802.5,39809.0
2024-05-21 14:37:00.000,39808.5,39811.0,39802.0,39802.0
2024-05-21 14:37:10.000,39801.5,39802.0,39796.5,39800.5
2024-05-21 14:37:20.000,39801.5,39802.5,39795.5,39797.5
2024-05-21 14:37:30.000,39798.0,39806.5,39798.0,39800.0
2024-05-21 14:37:40.000,39799.5,39801.5,39795.5,39796.5
2024-05-21 14:37:50.000,39797.0,39798.0,39785.5,39787.0
2024-05-21 14:38:00.000,39786.0,39789.0,39782.5,39786.5
2024-05-21 14:38:10.000,39787.5,39797.0,39787.0,39796.5
2024-05-21 14:38:20.000,39796.0,39805.0,39793.5,39801.5
2024-05-21 14:38:30.000,39801.0,39808.5,39796.5,39808.5
2024-05-21 14:38:40.000,39809.0,39810.5,39803.5,39805.0
2024-05-21 14:38:50.000,39804.5,39812.0,39804.0,39811.5
2024-05-21 14:39:00.000,39812.0,39814.5,39806.0,39806.0
2024-05-21 14:39:10.000,39806.5,39806.5,39796.5,39796.5
2024-05-21 14:39:20.000,39797.5,39801.5,39796.5,39796.5
2024-05-21 14:39:30.000,39796.0,39799.0,39794.0,39799.0
2024-05-21 14:39:40.000,39799.5,39800.5,39797.0,39799.5
2024-05-21 14:39:50.000,39798.5,39806.0,39798.5,39804.0
2024-05-21 14:40:00.000,39806.5,39806.5,39800.5,39802.0
2024-05-21 14:40:10.000,39801.5,39811.0,39801.5,39809.5
2024-05-21 14:40:20.000,39810.5,39812.5,39809.5,39811.5
2024-05-21 14:40:30.000,39810.0,39813.5,39807.5,39808.5
2024-05-21 14:40:40.000,39809.0,39811.5,39807.5,39807.5
2024-05-21 14:40:50.000,39808.5,39811.5,39808.0,39811.5
2024-05-21 14:41:00.000,39811.0,39817.5,39806.5,39816.5
2024-05-21 14:41:10.000,39817.5,39817.5,39812.5,39812.5
2024-05-21 14:41:20.000,39812.0,39815.0,39809.5,39809.5
2024-05-21 14:41:30.000,39810.0,39811.0,39807.0,39807.5
2024-05-21 14:41:40.000,39806.5,39810.5,39805.5,39810.5
2024-05-21 14:41:50.000,39810.0,39810.0,39802.0,39802.0
2024-05-21 14:42:00.000,39801.5,39803.0,39797.5,39799.5
2024-05-21 14:42:10.000,39800.5,39803.0,39798.5,39801.5
2024-05-21 14:42:20.000,39802.0,39802.0,39795.5,39799.5
2024-05-21 14:42:30.000,39800.0,39802.5,39796.0,39802.5
2024-05-21 14:42:40.000,39801.5,39809.0,39801.5,39804.5
2024-05-21 14:42:50.000,39805.0,39809.5,39803.5,39808.5
2024-05-21 14:43:00.000,39809.5,39815.5,39808.0,39813.0
2024-05-21 14:43:10.000,39813.5,39813.5,39809.0,39810.5
2024-05-21 14:43:20.000,39811.5,39812.5,39809.0,39810.5
2024-05-21 14:43:30.000,39811.0,39811.5,39807.5,39809.5
2024-05-21 14:43:40.000,39809.0,39816.5,39808.5,39814.5
2024-05-21 14:43:50.000,39815.0,39816.5,39812.5,39816.5
2024-05-21 14:44:00.000,39816.0,39820.5,39816.0,39819.5
2024-05-21 14:44:10.000,39820.0,39826.0,39819.5,39824.5
2024-05-21 14:44:20.000,39824.0,39829.5,39824.0,39828.0
2024-05-21 14:44:30.000,39827.5,39829.5,39825.5,39826.5
2024-05-21 14:44:40.000,39826.0,39829.0,39824.5,39829.0
2024-05-21 14:44:50.000,39828.5,39833.0,39827.5,39828.5
2024-05-21 14:45:00.000,39827.5,39836.0,39823.5,39834.0
2024-05-21 14:45:10.000,39834.5,39839.5,39833.5,39837.5
2024-05-21 14:45:20.000,39838.0,39840.5,39836.5,39840.0
2024-05-21 14:45:30.000,39839.5,39845.0,39839.0,39842.5
2024-05-21 14:45:40.000,39842.0,39845.5,39837.0,39838.5
2024-05-21 14:45:50.000,39839.5,39841.5,39836.5,39839.0
2024-05-21 14:46:00.000,39838.5,39838.5,39829.5,39831.5
2024-05-21 14:46:10.000,39832.0,39832.5,39828.0,39831.5
2024-05-21 14:46:20.000,39830.5,39839.5,39829.5,39836.5
2024-05-21 14:46:30.000,39837.5,39838.5,39834.5,39837.5
2024-05-21 14:46:40.000,39838.0,39838.5,39829.5,39832.0
2024-05-21 14:46:50.000,39831.5,39837.0,39830.5,39834.0
2024-05-21 14:47:00.000,39833.5,39836.5,39829.0,39836.5
2024-05-21 14:47:10.000,39835.5,39836.5,39830.5,39831.0
2024-05-21 14:47:20.000,39830.5,39834.5,39830.5,39834.5
2024-05-21 14:47:30.000,39834.0,39834.5,39832.5,39834.5
2024-05-21 14:47:40.000,39834.0,39837.5,39832.5,39837.5
2024-05-21 14:47:50.000,39837.0,39840.5,39836.0,39840.0
2024-05-21 14:48:00.000,39839.5,39851.5,39839.5,39846.0
2024-05-21 14:48:10.000,39845.5,39854.5,39845.5,39851.5
2024-05-21 14:48:20.000,39852.0,39852.0,39845.5,39846.0
2024-05-21 14:48:30.000,39845.5,39851.0,39845.5,39846.5
2024-05-21 14:48:40.000,39847.0,39852.5,39847.0,39849.0
2024-05-21 14:48:50.000,39848.5,39851.0,39847.5,39847.5
2024-05-21 14:49:00.000,39847.0,39850.0,39846.0,39846.5
2024-05-21 14:49:10.000,39846.0,39846.5,39843.0,39844.0
2024-05-21 14:49:20.000,39843.5,39844.5,39840.5,39842.0
2024-05-21 14:49:30.000,39841.5,39844.5,39840.5,39842.5
2024-05-21 14:49:40.000,39843.5,39843.5,39840.5,39841.5
2024-05-21 14:49:50.000,39842.5,39842.5,39836.5,39838.5
2024-05-21 14:50:00.000,39839.5,39844.5,39838.5,39843.5
2024-05-21 14:50:10.000,39844.5,39846.5,39843.5,39844.5
2024-05-21 14:50:20.000,39845.0,39846.5,39844.5,39845.5
2024-05-21 14:50:30.000,39846.5,39849.5,39846.5,39849.0
2024-05-21 14:50:40.000,39849.5,39850.5,39843.5,39843.5
2024-05-21 14:50:50.000,39844.5,39846.0,39841.5,39842.0
2024-05-21 14:51:00.000,39842.5,39843.0,39838.5,39838.5
2024-05-21 14:51:10.000,39839.5,39839.5,39833.5,39833.5
2024-05-21 14:51:20.000,39834.0,39834.5,39829.5,39831.5
2024-05-21 14:51:30.000,39832.5,39832.5,39827.5,39829.0
2024-05-21 14:51:40.000,39829.5,39830.0,39825.5,39829.5
2024-05-21 14:51:50.000,39830.5,39832.0,39829.5,39830.5
2024-05-21 14:52:00.000,39830.0,39832.5,39828.5,39829.0
2024-05-21 14:52:10.000,39829.5,39831.5,39824.5,39824.5
2024-05-21 14:52:20.000,39823.5,39826.5,39820.5,39824.5
2024-05-21 14:52:30.000,39825.0,39826.5,39821.5,39821.5
2024-05-21 14:52:40.000,39822.0,39823.0,39818.5,39818.5
2024-05-21 14:52:50.000,39817.5,39824.5,39817.5,39824.5
2024-05-21 14:53:00.000,39825.0,39825.5,39819.5,39825.5
2024-05-21 14:53:10.000,39825.0,39826.5,39822.0,39823.5
2024-05-21 14:53:20.000,39824.0,39824.5,39821.0,39821.0
2024-05-21 14:53:30.000,39820.5,39821.5,39818.5,39818.5
2024-05-21 14:53:40.000,39819.0,39821.5,39814.5,39816.0
2024-05-21 14:53:50.000,39816.5,39821.5,39815.5,39820.5
2024-05-21 14:54:00.000,39821.5,39824.5,39819.5,39824.0
2024-05-21 14:54:10.000,39823.5,39825.5,39822.0,39823.5
2024-05-21 14:54:20.000,39822.5,39825.0,39818.5,39825.0
2024-05-21 14:54:30.000,39825.5,39825.5,39821.5,39822.5
2024-05-21 14:54:40.000,39823.0,39826.5,39823.0,39826.5
2024-05-21 14:54:50.000,39827.0,39830.0,39824.5,39828.0
2024-05-21 14:55:00.000,39827.5,39827.5,39818.5,39821.0
2024-05-21 14:55:10.000,39820.5,39823.5,39819.5,39821.5
2024-05-21 14:55:20.000,39822.0,39824.5,39820.5,39821.0
2024-05-21 14:55:30.000,39820.5,39824.5,39820.5,39822.5
2024-05-21 14:55:40.000,39823.0,39826.5,39823.0,39826.5
2024-05-21 14:55:50.000,39827.5,39833.5,39827.5,39831.5
2024-05-21 14:56:00.000,39832.0,39835.0,39829.5,39830.0
2024-05-21 14:56:10.000,39830.5,39834.5,39830.5,39834.5
2024-05-21 14:56:20.000,39834.0,39834.0,39828.5,39829.5
2024-05-21 14:56:30.000,39829.0,39832.0,39826.0,39832.0
2024-05-21 14:56:40.000,39832.5,39836.5,39831.5,39834.0
2024-05-21 14:56:50.000,39834.5,39834.5,39830.5,39830.5
2024-05-21 14:57:00.000,39829.5,39830.0,39822.5,39823.5
2024-05-21 14:57:10.000,39824.0,39829.5,39823.5,39828.5
2024-05-21 14:57:20.000,39830.0,39831.5,39828.5,39831.5
2024-05-21 14:57:30.000,39831.0,39835.0,39830.5,39834.5
2024-05-21 14:57:40.000,39835.5,39839.5,39835.5,39838.5
2024-05-21 14:57:50.000,39838.0,39838.5,39833.5,39834.5
2024-05-21 14:58:00.000,39833.5,39835.5,39831.0,39835.5
2024-05-21 14:58:10.000,39836.0,39836.0,39832.5,39835.5
2024-05-21 14:58:20.000,39835.0,39835.5,39832.5,39835.0
2024-05-21 14:58:30.000,39834.5,39842.5,39834.5,39842.5
2024-05-21 14:58:40.000,39842.0,39843.5,39840.5,39842.5
2024-05-21 14:58:50.000,39841.5,39847.0,39841.5,39846.0
2024-05-21 14:59:00.000,39845.5,39845.5,39841.0,39843.5
2024-05-21 14:59:10.000,39844.0,39845.5,39842.5,39844.5
2024-05-21 14:59:20.000,39845.0,39845.5,39842.5,39843.5
2024-05-21 14:59:30.000,39844.0,39845.5,39842.5,39844.0
2024-05-21 14:59:40.000,39843.5,39844.0,39834.5,39835.5
2024-05-21 14:59:50.000,39835.0,39836.5,39829.5,39835.0
2024-05-21 15:00:00.000,39834.5,39835.5,39828.0,39828.0
2024-05-21 15:00:10.000,39828.5,39837.5,39828.0,39835.5
2024-05-21 15:00:20.000,39836.0,39837.5,39834.5,39836.5
2024-05-21 15:00:30.000,39836.0,39836.0,39831.0,39833.0
2024-05-21 15:00:40.000,39832.5,39836.5,39832.0,39836.5
2024-05-21 15:00:50.000,39837.0,39839.5,39836.0,39839.5
2024-05-21 15:01:00.000,39839.0,39841.0,39834.5,39836.5
2024-05-21 15:01:10.000,39836.0,39836.5,39828.5,39828.5
2024-05-21 15:01:20.000,39829.5,39832.0,39827.5,39832.0
2024-05-21 15:01:30.000,39831.5,39838.0,39831.5,39837.0
2024-05-21 15:01:40.000,39836.5,39840.0,39835.0,39839.5
2024-05-21 15:01:50.000,39840.0,39841.5,39836.5,39838.5
2024-05-21 15:02:00.000,39838.0,39838.5,39831.5,39833.5
2024-05-21 15:02:10.000,39835.0,39838.5,39834.5,39836.5
2024-05-21 15:02:20.000,39837.5,39839.5,39837.5,39838.5
2024-05-21 15:02:30.000,39839.0,39841.0,39837.5,39840.5
2024-05-21 15:02:40.000,39840.0,39847.0,39840.0,39846.5
2024-05-21 15:02:50.000,39847.0,39847.5,39844.5,39845.5
2024-05-21 15:03:00.000,39846.0,39848.5,39843.5,39846.5
2024-05-21 15:03:10.000,39845.5,39848.0,39843.5,39845.0
2024-05-21 15:03:20.000,39845.5,39848.0,39843.0,39843.5
2024-05-21 15:03:30.000,39843.0,39847.5,39842.5,39847.0
2024-05-21 15:03:40.000,39846.5,39847.0,39844.0,39844.5
2024-05-21 15:03:50.000,39846.5,39846.5,39842.5,39843.5
2024-05-21 15:04:00.000,39844.0,39846.5,39841.0,39841.5
2024-05-21 15:04:10.000,39841.0,39844.5,39840.5,39842.5
2024-05-21 15:04:20.000,39843.0,39847.5,39842.5,39847.5
2024-05-21 15:04:30.000,39846.0,39850.0,39846.0,39848.5
2024-05-21 15:04:40.000,39847.5,39847.5,39841.5,39841.5
2024-05-21 15:04:50.000,39842.0,39844.5,39840.0,39843.0
2024-05-21 15:05:00.000,39843.5,39843.5,39835.5,39837.5
2024-05-21 15:05:10.000,39838.0,39842.0,39836.5,39842.0
2024-05-21 15:05:20.000,39841.5,39847.0,39840.5,39846.5
2024-05-21 15:05:30.000,39845.5,39849.0,39845.5,39846.5
2024-05-21 15:05:40.000,39847.0,39849.0,39846.5,39847.5
2024-05-21 15:05:50.000,39848.0,39852.5,39846.5,39852.5
2024-05-21 15:06:00.000,39852.0,39855.5,39851.0,39854.5
2024-05-21 15:06:10.000,39855.0,39857.5,39851.5,39857.5
2024-05-21 15:06:20.000,39858.0,39859.5,39857.0,39857.0
2024-05-21 15:06:30.000,39856.5,39857.0,39851.0,39857.0
2024-05-21 15:06:40.000,39856.5,39861.0,39856.5,39860.5
2024-05-21 15:06:50.000,39861.0,39865.5,39861.0,39865.5
2024-05-21 15:07:00.000,39866.0,39867.5,39864.5,39866.5
2024-05-21 15:07:10.000,39867.5,39870.5,39866.5,39870.5
2024-05-21 15:07:20.000,39869.5,39869.5,39863.0,39864.0
2024-05-21 15:07:30.000,39864.5,39864.5,39862.5,39863.5
2024-05-21 15:07:40.000,39864.0,39867.0,39864.0,39864.5
2024-05-21 15:07:50.000,39865.5,39867.0,39862.5,39862.5
2024-05-21 15:08:00.000,39863.0,39863.5,39857.0,39860.5
2024-05-21 15:08:10.000,39861.0,39862.5,39858.5,39861.5
2024-05-21 15:08:20.000,39862.0,39862.5,39859.0,39859.5
2024-05-21 15:08:30.000,39859.0,39861.5,39858.5,39861.5
2024-05-21 15:08:40.000,39860.5,39862.5,39860.5,39861.5
2024-05-21 15:08:50.000,39862.0,39863.0,39860.0,39861.5
2024-05-21 15:09:00.000,39862.0,39862.5,39857.5,39858.5
2024-05-21 15:09:10.000,39858.0,39859.5,39856.5,39859.0
2024-05-21 15:09:20.000,39859.5,39860.0,39857.5,39859.5
2024-05-21 15:09:30.000,39860.0,39861.5,39857.5,39859.0
2024-05-21 15:09:40.000,39858.5,39859.5,39856.0,39857.5
2024-05-21 15:09:50.000,39858.5,39861.5,39857.5,39861.5
2024-05-21 15:10:00.000,39861.0,39866.0,39861.0,39863.5
2024-05-21 15:10:10.000,39862.5,39864.5,39860.5,39861.5
2024-05-21 15:10:20.000,39862.5,39863.5,39860.5,39860.5
2024-05-21 15:10:30.000,39861.0,39863.0,39859.5,39860.5
2024-05-21 15:10:40.000,39861.0,39865.5,39860.0,39863.5
2024-05-21 15:10:50.000,39862.5,39863.5,39857.0,39857.0
2024-05-21 15:11:00.000,39856.5,39860.5,39856.5,39859.0
2024-05-21 15:11:10.000,39858.5,39863.0,39858.5,39863.0
2024-05-21 15:11:20.000,39863.5,39865.5,39861.5,39863.0
2024-05-21 15:11:30.000,39862.5,39864.5,39861.0,39863.0
2024-05-21 15:11:40.000,39863.5,39863.5,39859.5,39861.5
2024-05-21 15:11:50.000,39861.0,39861.5,39859.5,39860.5
2024-05-21 15:12:00.000,39860.0,39860.0,39856.0,39859.0
2024-05-21 15:12:10.000,39859.5,39859.5,39857.5,39859.0
2024-05-21 15:12:20.000,39858.5,39859.0,39856.5,39857.5
2024-05-21 15:12:30.000,39858.0,39859.5,39856.0,39856.5
2024-05-21 15:12:40.000,39857.0,39860.5,39856.5,39860.0
2024-05-21 15:12:50.000,39859.5,39859.5,39856.0,39858.5
2024-05-21 15:13:00.000,39859.5,39860.0,39855.5,39856.5
2024-05-21 15:13:10.000,39856.0,39857.5,39854.0,39856.5
2024-05-21 15:13:20.000,39857.0,39861.5,39856.5,39861.0
2024-05-21 15:13:30.000,39861.5,39863.0,39859.0,39859.0
2024-05-21 15:13:40.000,39859.5,39865.5,39859.0,39864.5
2024-05-21 15:13:50.000,39865.0,39865.5,39861.5,39865.5
2024-05-21 15:14:00.000,39864.5,39867.5,39863.0,39867.5
2024-05-21 15:14:10.000,39867.0,39868.5,39866.0,39866.5
2024-05-21 15:14:20.000,39866.0,39866.5,39864.5,39866.5
2024-05-21 15:14:30.000,39866.0,39866.5,39862.0,39863.5
2024-05-21 15:14:40.000,39863.0,39868.5,39863.0,39868.5
2024-05-21 15:14:50.000,39868.0,39870.5,39868.0,39868.0
2024-05-21 15:15:00.000,39867.5,39869.5,39866.5,39868.0
2024-05-21 15:15:10.000,39868.5,39870.0,39866.0,39867.5
2024-05-21 15:15:20.000,39868.0,39868.0,39862.0,39863.5
2024-05-21 15:15:30.000,39862.5,39865.5,39861.5,39865.5
2024-05-21 15:15:40.000,39865.0,39867.0,39862.5,39862.5
2024-05-21 15:15:50.000,39863.5,39864.0,39861.5,39861.5
2024-05-21 15:16:00.000,39862.0,39863.5,39861.5,39861.5
2024-05-21 15:16:10.000,39860.5,39863.5,39860.5,39861.5
2024-05-21 15:16:20.000,39861.0,39861.5,39856.5,39859.0
2024-05-21 15:16:30.000,39858.5,39860.5,39858.5,39859.5
2024-05-21 15:16:40.000,39860.0,39861.0,39858.5,39860.5
2024-05-21 15:16:50.000,39860.0,39860.5,39857.0,39859.0
2024-05-21 15:17:00.000,39858.5,39865.5,39858.5,39865.5
2024-05-21 15:17:10.000,39865.0,39865.0,39862.0,39864.5
2024-05-21 15:17:20.000,39863.5,39865.5,39863.0,39863.5
2024-05-21 15:17:30.000,39864.0,39866.5,39863.0,39863.5
2024-05-21 15:17:40.000,39863.0,39864.5,39863.0,39863.5
2024-05-21 15:17:50.000,39862.0,39864.0,39861.5,39863.5
2024-05-21 15:18:00.000,39864.5,39864.5,39860.5,39861.5
2024-05-21 15:18:10.000,39861.0,39863.0,39860.5,39861.5
2024-05-21 15:18:20.000,39860.5,39861.5,39856.5,39858.0
2024-05-21 15:18:30.000,39858.5,39858.5,39854.5,39855.5
2024-05-21 15:18:40.000,39856.0,39859.5,39855.0,39857.5
2024-05-21 15:18:50.000,39857.0,39857.0,39853.5,39853.5
2024-05-21 15:19:00.000,39854.5,39854.5,39852.5,39853.5
2024-05-21 15:19:10.000,39854.5,39858.0,39854.5,39856.5
2024-05-21 15:19:20.000,39857.0,39857.5,39855.0,39857.5
2024-05-21 15:19:30.000,39856.5,39862.0,39856.0,39861.5
2024-05-21 15:19:40.000,39861.0,39861.5,39859.5,39861.5
2024-05-21 15:19:50.000,39860.5,39863.5,39860.5,39862.5
2024-05-21 15:20:00.000,39863.5,39863.5,39859.5,39861.5
2024-05-21 15:20:10.000,39862.0,39862.5,39859.5,39860.5
2024-05-21 15:20:20.000,39861.5,39864.5,39861.0,39863.5
2024-05-21 15:20:30.000,39865.5,39865.5,39862.5,39863.5
2024-05-21 15:20:40.000,39864.0,39864.5,39863.0,39864.0
2024-05-21 15:20:50.000,39864.5,39866.5,39864.0,39864.0
2024-05-21 15:21:00.000,39864.5,39867.1,39862.6,39864.6
2024-05-21 15:21:10.000,39864.1,39864.1,39860.6,39862.6
2024-05-21 15:21:20.000,39862.1,39863.1,39862.1,39863.1
2024-05-21 15:21:30.000,39862.1,39862.1,39858.1,39859.1
2024-05-21 15:21:40.000,39858.1,39864.1,39858.1,39864.1
2024-05-21 15:21:50.000,39863.6,39866.7,39862.7,39866.7
2024-05-21 15:22:00.000,39865.7,39870.7,39865.7,39870.7
2024-05-21 15:22:10.000,39869.7,39871.7,39869.7,39870.7
2024-05-21 15:22:20.000,39871.2,39871.7,39868.7,39868.7
2024-05-21 15:22:30.000,39869.7,39870.7,39868.7,39868.7
2024-05-21 15:22:40.000,39869.2,39870.7,39868.2,39870.2
2024-05-21 15:22:50.000,39869.7,39870.7,39868.3,39868.3
2024-05-21 15:23:00.000,39869.3,39872.3,39868.3,39871.8
2024-05-21 15:23:10.000,39871.3,39874.8,39869.3,39869.3
2024-05-21 15:23:20.000,39868.3,39869.3,39865.8,39866.3
2024-05-21 15:23:30.000,39867.3,39868.8,39865.3,39865.8
2024-05-21 15:23:40.000,39865.3,39865.3,39864.3,39865.3
2024-05-21 15:23:50.000,39865.8,39867.3,39864.3,39866.3
2024-05-21 15:24:00.000,39866.8,39868.3,39864.3,39867.3
2024-05-21 15:24:10.000,39866.3,39866.8,39864.3,39865.3
2024-05-21 15:24:20.000,39864.8,39865.3,39863.3,39863.3
2024-05-21 15:24:30.000,39863.8,39864.3,39860.3,39860.8
2024-05-21 15:24:40.000,39860.3,39861.3,39856.3,39856.3
2024-05-21 15:24:50.000,39855.8,39855.8,39853.3,39854.3
2024-05-21 15:25:00.000,39853.8,39855.3,39851.3,39851.3
2024-05-21 15:25:10.000,39850.8,39852.3,39848.8,39849.3
2024-05-21 15:25:20.000,39848.3,39849.3,39847.3,39848.3
2024-05-21 15:25:30.000,39847.3,39848.3,39846.3,39847.3
2024-05-21 15:25:40.000,39846.3,39846.3,39843.3,39844.8
2024-05-21 15:25:50.000,39845.3,39847.3,39844.3,39844.3
2024-05-21 15:26:00.000,39845.3,39845.3,39841.3,39843.8
2024-05-21 15:26:10.000,39844.3,39844.3,39842.3,39843.3
2024-05-21 15:26:20.000,39842.3,39846.3,39841.8,39845.3
2024-05-21 15:26:30.000,39844.8,39845.3,39842.8,39844.3
2024-05-21 15:26:40.000,39845.3,39847.3,39844.8,39845.3
2024-05-21 15:26:50.000,39844.8,39844.8,39843.3,39843.3
2024-05-21 15:27:00.000,39843.8,39844.3,39843.3,39844.3
2024-05-21 15:27:10.000,39845.3,39847.3,39844.8,39844.8
2024-05-21 15:27:20.000,39844.3,39848.3,39843.3,39847.8
2024-05-21 15:27:30.000,39848.3,39848.3,39845.8,39848.3
2024-05-21 15:27:40.000,39847.8,39851.8,39847.8,39850.3
2024-05-21 15:27:50.000,39850.8,39852.3,39849.3,39849.8
2024-05-21 15:28:00.000,39850.3,39853.8,39848.3,39849.3
2024-05-21 15:28:10.000,39850.3,39850.3,39848.3,39850.3
2024-05-21 15:28:20.000,39849.8,39852.3,39849.8,39851.3
2024-05-21 15:28:30.000,39850.8,39853.3,39850.3,39850.3
2024-05-21 15:28:40.000,39850.8,39851.8,39849.8,39851.3
2024-05-21 15:28:50.000,39851.8,39856.3,39851.3,39855.3
2024-05-21 15:29:00.000,39854.8,39856.3,39852.3,39854.8
2024-05-21 15:29:10.000,39855.3,39857.3,39854.3,39856.8
2024-05-21 15:29:20.000,39856.3,39857.3,39855.3,39857.3
2024-05-21 15:29:30.000,39856.8,39859.3,39856.3,39856.3
2024-05-21 15:29:40.000,39857.3,39858.3,39855.3,39855.3
2024-05-21 15:29:50.000,39855.8,39861.3,39855.3,39860.3
2024-05-21 15:30:00.000,39859.8,39861.3,39856.3,39860.8
2024-05-21 15:30:10.000,39860.3,39860.3,39854.8,39858.9
2024-05-21 15:30:20.000,39857.9,39859.4,39857.4,39858.9
2024-05-21 15:30:30.000,39859.4,39863.9,39859.4,39860.9
2024-05-21 15:30:40.000,39861.4,39865.4,39861.4,39863.9
2024-05-21 15:30:50.000,39864.9,39866.9,39864.4,39866.9
2024-05-21 15:31:00.000,39866.4,39870.4,39866.4,39868.9
2024-05-21 15:31:10.000,39867.9,39870.4,39864.9,39865.9
2024-05-21 15:31:20.000,39866.9,39866.9,39863.4,39863.9
2024-05-21 15:31:30.000,39864.4,39864.9,39858.9,39858.9
2024-05-21 15:31:40.000,39859.9,39860.4,39858.9,39859.9
2024-05-21 15:31:50.000,39859.4,39859.9,39856.9,39857.9
2024-05-21 15:32:00.000,39859.4,39859.4,39854.9,39854.9
2024-05-21 15:32:10.000,39855.4,39857.4,39853.9,39857.4
2024-05-21 15:32:20.000,39857.9,39858.9,39854.4,39855.9
2024-05-21 15:32:30.000,39855.4,39855.9,39854.9,39855.9
2024-05-21 15:32:40.000,39856.4,39856.9,39854.4,39855.9
2024-05-21 15:32:50.000,39856.4,39857.9,39853.9,39857.4
2024-05-21 15:33:00.000,39857.9,39859.4,39855.9,39855.9
2024-05-21 15:33:10.000,39855.4,39857.4,39854.9,39857.4
2024-05-21 15:33:20.000,39856.9,39856.9,39851.9,39852.9
2024-05-21 15:33:30.000,39853.9,39854.9,39852.4,39852.9
2024-05-21 15:33:40.000,39852.4,39853.4,39848.9,39853.4
2024-05-21 15:33:50.000,39853.9,39855.9,39852.4,39854.9
2024-05-21 15:34:00.000,39855.4,39856.9,39854.9,39854.9
2024-05-21 15:34:10.000,39854.4,39855.9,39851.9,39853.4
2024-05-21 15:34:20.000,39853.9,39854.4,39851.9,39853.4
2024-05-21 15:34:30.000,39853.9,39854.4,39852.4,39853.4
2024-05-21 15:34:40.000,39853.9,39860.4,39853.4,39858.9
2024-05-21 15:34:50.000,39859.4,39859.9,39858.9,39859.9
2024-05-21 15:35:00.000,39860.9,39862.4,39860.9,39860.9
2024-05-21 15:35:10.000,39861.4,39864.9,39860.9,39864.9
2024-05-21 15:35:20.000,39865.4,39866.9,39864.9,39865.9
2024-05-21 15:35:30.000,39866.4,39867.9,39866.4,39866.9
2024-05-21 15:35:40.000,39865.9,39866.9,39864.9,39865.9
2024-05-21 15:35:50.000,39865.4,39869.9,39865.4,39869.4
2024-05-21 15:36:00.000,39868.9,39875.9,39868.4,39874.9
2024-05-21 15:36:10.000,39875.4,39888.9,39874.9,39888.9
2024-05-21 15:36:20.000,39889.9,39891.4,39881.4,39884.9
2024-05-21 15:36:30.000,39884.4,39885.4,39879.9,39882.4
2024-05-21 15:36:40.000,39881.9,39881.9,39876.9,39876.9
2024-05-21 15:36:50.000,39876.4,39876.4,39869.9,39869.9
2024-05-21 15:37:00.000,39869.4,39869.9,39865.9,39865.9
2024-05-21 15:37:10.000,39865.4,39867.9,39863.9,39867.9
2024-05-21 15:37:20.000,39868.9,39872.4,39866.9,39866.9
2024-05-21 15:37:30.000,39866.4,39868.9,39866.4,39868.9
2024-05-21 15:37:40.000,39868.4,39868.9,39866.4,39866.4
2024-05-21 15:37:50.000,39865.9,39870.4,39863.9,39869.9
2024-05-21 15:38:00.000,39870.4,39871.9,39867.9,39871.4
2024-05-21 15:38:10.000,39871.9,39871.9,39868.9,39869.9
2024-05-21 15:38:20.000,39870.4,39871.9,39868.4,39870.9
2024-05-21 15:38:30.000,39870.4,39872.4,39869.4,39871.4
2024-05-21 15:38:40.000,39870.9,39871.9,39869.9,39871.4
2024-05-21 15:38:50.000,39870.9,39873.4,39870.4,39873.4
2024-05-21 15:39:00.000,39873.9,39873.9,39869.9,39869.9
2024-05-21 15:39:10.000,39870.4,39873.9,39869.4,39870.9
2024-05-21 15:39:20.000,39871.4,39873.9,39868.9,39870.9
2024-05-21 15:39:30.000,39869.9,39871.9,39868.9,39869.9
2024-05-21 15:39:40.000,39868.9,39869.9,39867.4,39868.9
2024-05-21 15:39:50.000,39867.9,39868.9,39866.4,39868.9
2024-05-21 15:40:00.000,39869.9,39871.4,39867.4,39867.9
2024-05-21 15:40:10.000,39867.4,39867.9,39863.9,39863.9
2024-05-21 15:40:20.000,39863.4,39863.4,39858.9,39859.9
2024-05-21 15:40:30.000,39858.9,39858.9,39857.9,39857.9
2024-05-21 15:40:40.000,39857.4,39860.9,39857.4,39860.4
2024-05-21 15:40:50.000,39860.9,39860.9,39858.4,39859.9
2024-05-21 15:41:00.000,39859.4,39867.4,39859.4,39867.4
2024-05-21 15:41:10.000,39867.9,39868.4,39865.9,39865.9
2024-05-21 15:41:20.000,39865.4,39866.9,39864.9,39864.9
2024-05-21 15:41:30.000,39864.4,39866.9,39864.4,39866.4
2024-05-21 15:41:40.000,39866.9,39866.9,39863.9,39864.4
2024-05-21 15:41:50.000,39863.9,39864.4,39863.4,39863.9
2024-05-21 15:42:00.000,39864.4,39865.9,39863.9,39863.9
2024-05-21 15:42:10.000,39864.9,39867.9,39864.9,39867.4
2024-05-21 15:42:20.000,39866.9,39872.4,39866.9,39871.9
2024-05-21 15:42:30.000,39872.4,39872.9,39870.9,39870.9
2024-05-21 15:42:40.000,39871.4,39872.9,39870.9,39871.9
2024-05-21 15:42:50.000,39872.4,39873.9,39870.9,39873.4
2024-05-21 15:43:00.000,39873.9,39873.9,39870.9,39870.9
2024-05-21 15:43:10.000,39870.4,39873.9,39869.9,39873.9
2024-05-21 15:43:20.000,39872.9,39872.9,39870.4,39871.9
2024-05-21 15:43:30.000,39871.4,39871.9,39869.9,39870.4
2024-05-21 15:43:40.000,39870.9,39871.9,39869.9,39869.9
2024-05-21 15:43:50.000,39870.9,39872.9,39869.9,39871.9
2024-05-21 15:44:00.000,39872.9,39876.4,39872.9,39875.9
2024-05-21 15:44:10.000,39876.4,39876.9,39874.9,39875.4
2024-05-21 15:44:20.000,39875.9,39876.4,39872.9,39873.9
2024-05-21 15:44:30.000,39874.4,39875.9,39873.9,39875.9
2024-05-21 15:44:40.000,39875.4,39879.9,39874.9,39879.9
2024-05-21 15:44:50.000,39879.4,39879.9,39878.9,39879.9
2024-05-21 15:45:00.000,39879.4,39881.4,39878.4,39879.4
2024-05-21 15:45:10.000,39879.9,39883.9,39879.4,39882.4
2024-05-21 15:45:20.000,39881.9,39883.4,39881.9,39882.9
2024-05-21 15:45:30.000,39882.4,39883.9,39879.9,39879.9
2024-05-21 15:45:40.000,39880.4,39880.9,39879.9,39880.9
2024-05-21 15:45:50.000,39880.4,39880.4,39878.9,39879.9
2024-05-21 15:46:00.000,39878.9,39878.9,39876.9,39876.9
2024-05-21 15:46:10.000,39877.9,39877.9,39875.4,39875.4
2024-05-21 15:46:20.000,39874.9,39874.9,39870.9,39872.4
2024-05-21 15:46:30.000,39871.9,39875.4,39871.9,39873.4
2024-05-21 15:46:40.000,39873.9,39873.9,39870.4,39870.4
2024-05-21 15:46:50.000,39869.9,39875.4,39868.9,39874.9
2024-05-21 15:47:00.000,39875.4,39877.9,39874.4,39877.4
2024-05-21 15:47:10.000,39877.9,39878.9,39877.4,39877.4
2024-05-21 15:47:20.000,39877.9,39880.4,39877.9,39878.9
2024-05-21 15:47:30.000,39879.4,39879.4,39876.9,39876.9
2024-05-21 15:47:40.000,39877.4,39878.4,39875.9,39877.4
2024-05-21 15:47:50.000,39876.9,39878.4,39876.9,39876.9
2024-05-21 15:48:00.000,39877.9,39877.9,39875.9,39876.4
2024-05-21 15:48:10.000,39876.9,39876.9,39874.9,39874.9
2024-05-21 15:48:20.000,39875.4,39875.9,39873.9,39873.9
2024-05-21 15:48:30.000,39873.4,39874.9,39872.9,39873.4
2024-05-21 15:48:40.000,39872.4,39873.9,39872.4,39873.9
2024-05-21 15:48:50.000,39874.4,39874.9,39874.4,39874.9
2024-05-21 15:49:00.000,39874.4,39874.9,39873.4,39873.9
2024-05-21 15:49:10.000,39874.4,39874.4,39871.9,39872.9
2024-05-21 15:49:20.000,39873.9,39875.9,39873.4,39875.9
2024-05-21 15:49:30.000,39876.9,39876.9,39875.4,39876.9
2024-05-21 15:49:40.000,39875.9,39878.4,39875.4,39875.4
2024-05-21 15:49:50.000,39875.9,39876.4,39874.4,39874.4
2024-05-21 15:50:00.000,39873.9,39876.4,39872.4,39872.4
2024-05-21 15:50:10.000,39872.9,39874.4,39871.9,39871.9
2024-05-21 15:50:20.000,39871.4,39871.4,39867.4,39867.4
2024-05-21 15:50:30.000,39866.9,39867.9,39864.4,39864.9
2024-05-21 15:50:40.000,39864.4,39864.4,39860.9,39861.9
2024-05-21 15:50:50.000,39863.4,39863.4,39860.9,39860.9
2024-05-21 15:51:00.000,39860.4,39861.9,39859.9,39859.9
2024-05-21 15:51:10.000,39858.9,39859.9,39857.4,39859.9
2024-05-21 15:51:20.000,39860.9,39861.4,39858.4,39858.4
2024-05-21 15:51:30.000,39857.9,39857.9,39855.9,39856.9
2024-05-21 15:51:40.000,39857.4,39857.4,39854.4,39854.4
2024-05-21 15:51:50.000,39853.9,39854.4,39851.9,39851.9
2024-05-21 15:52:00.000,39852.9,39852.9,39849.9,39850.4
2024-05-21 15:52:10.000,39849.9,39850.9,39848.9,39848.9
2024-05-21 15:52:20.000,39850.9,39852.9,39849.9,39852.9
2024-05-21 15:52:30.000,39851.9,39852.4,39849.4,39849.4
2024-05-21 15:52:40.000,39849.9,39849.9,39846.4,39847.9
2024-05-21 15:52:50.000,39846.9,39846.9,39845.9,39846.4
2024-05-21 15:53:00.000,39845.9,39845.9,39844.9,39844.9
2024-05-21 15:53:10.000,39843.9,39844.9,39840.4,39844.9
2024-05-21 15:53:20.000,39845.9,39847.4,39845.4,39847.4
2024-05-21 15:53:30.000,39846.9,39847.4,39845.9,39845.9
2024-05-21 15:53:40.000,39845.4,39849.9,39845.4,39849.4
2024-05-21 15:53:50.000,39848.9,39848.9,39847.4,39847.4
2024-05-21 15:54:00.000,39846.4,39846.9,39842.4,39842.4
2024-05-21 15:54:10.000,39842.9,39845.4,39842.9,39844.4
2024-05-21 15:54:20.000,39843.9,39843.9,39840.4,39841.4
2024-05-21 15:54:30.000,39841.9,39841.9,39839.9,39840.9
2024-05-21 15:54:40.000,39840.4,39842.4,39839.9,39842.4
2024-05-21 15:54:50.000,39842.9,39845.4,39841.4,39843.9
2024-05-21 15:55:00.000,39842.9,39848.9,39842.9,39847.4
2024-05-21 15:55:10.000,39847.9,39847.9,39846.4,39846.9
2024-05-21 15:55:20.000,39847.4,39849.4,39847.4,39849.4
2024-05-21 15:55:30.000,39849.9,39849.9,39846.9,39846.9
2024-05-21 15:55:40.000,39846.4,39846.4,39842.4,39844.4
2024-05-21 15:55:50.000,39844.9,39846.9,39843.4,39844.4
2024-05-21 15:56:00.000,39844.9,39846.9,39843.4,39846.9
2024-05-21 15:56:10.000,39846.4,39847.4,39844.9,39846.9
2024-05-21 15:56:20.000,39847.4,39847.9,39846.4,39846.4
2024-05-21 15:56:30.000,39846.9,39846.9,39839.9,39839.9
2024-05-21 15:56:40.000,39840.4,39841.4,39839.9,39841.4
2024-05-21 15:56:50.000,39841.9,39842.9,39841.9,39842.9
2024-05-21 15:57:00.000,39842.4,39842.4,39839.9,39841.9
2024-05-21 15:57:10.000,39842.4,39843.9,39841.4,39843.4
2024-05-21 15:57:20.000,39843.9,39846.4,39843.4,39846.4
2024-05-21 15:57:30.000,39845.4,39845.9,39842.4,39842.9
2024-05-21 15:57:40.000,39843.4,39846.9,39843.4,39846.9
2024-05-21 15:57:50.000,39846.4,39847.4,39845.9,39846.4
2024-05-21 15:58:00.000,39846.9,39847.4,39842.9,39843.4
2024-05-21 15:58:10.000,39842.9,39843.9,39841.9,39842.9
2024-05-21 15:58:20.000,39843.4,39844.4,39842.9,39843.9
2024-05-21 15:58:30.000,39844.4,39845.4,39843.9,39844.4
2024-05-21 15:58:40.000,39843.9,39846.9,39843.9,39846.4
2024-05-21 15:58:50.000,39846.9,39846.9,39845.4,39845.9
2024-05-21 15:59:00.000,39845.4,39848.4,39844.9,39846.4
2024-05-21 15:59:10.000,39846.9,39847.4,39845.4,39845.9
2024-05-21 15:59:20.000,39844.9,39844.9,39840.9,39841.4
2024-05-21 15:59:30.000,39841.9,39843.4,39841.9,39842.9
2024-05-21 15:59:40.000,39842.4,39844.4,39842.4,39843.4
2024-05-21 15:59:50.000,39842.9,39844.9,39842.9,39843.4
2024-05-21 16:00:00.000,39842.9,39842.9,39836.4,39839.4
2024-05-21 16:00:10.000,39839.9,39841.9,39836.9,39836.9
2024-05-21 16:00:20.000,39835.9,39836.4,39834.9,39836.4
2024-05-21 16:00:30.000,39835.9,39837.4,39834.9,39836.4
2024-05-21 16:00:40.000,39835.9,39836.9,39834.9,39836.4
2024-05-21 16:00:50.000,39835.9,39835.9,39833.4,39833.4
2024-05-21 16:01:00.000,39833.9,39836.9,39833.9,39836.4
2024-05-21 16:01:10.000,39835.9,39837.4,39833.9,39833.9
2024-05-21 16:01:20.000,39834.4,39835.9,39834.4,39834.4
2024-05-21 16:01:30.000,39833.9,39835.9,39833.9,39835.9
2024-05-21 16:01:40.000,39835.4,39839.4,39835.4,39838.4
2024-05-21 16:01:50.000,39838.9,39840.9,39837.9,39837.9
2024-05-21 16:02:00.000,39838.4,39840.9,39838.4,39838.9
2024-05-21 16:02:10.000,39837.9,39839.4,39837.4,39838.9
2024-05-21 16:02:20.000,39840.4,39840.9,39836.4,39836.4
2024-05-21 16:02:30.000,39835.9,39836.9,39835.4,39835.4
2024-05-21 16:02:40.000,39835.9,39835.9,39832.9,39832.9
2024-05-21 16:02:50.000,39832.4,39832.9,39831.4,39831.9
2024-05-21 16:03:00.000,39831.4,39831.9,39828.9,39828.9
2024-05-21 16:03:10.000,39829.9,39829.9,39826.9,39827.4
2024-05-21 16:03:20.000,39827.9,39833.4,39827.9,39833.4
2024-05-21 16:03:30.000,39832.9,39836.9,39832.9,39836.4
2024-05-21 16:03:40.000,39835.9,39835.9,39834.4,39835.4
2024-05-21 16:03:50.000,39834.9,39834.9,39831.9,39832.4
2024-05-21 16:04:00.000,39832.9,39832.9,39831.4,39831.4
2024-05-21 16:04:10.000,39831.9,39835.4,39831.4,39835.4
2024-05-21 16:04:20.000,39834.9,39834.9,39828.9,39828.9
2024-05-21 16:04:30.000,39829.4,39830.4,39828.4,39830.4
2024-05-21 16:04:40.000,39829.9,39831.9,39829.4,39831.9
2024-05-21 16:04:50.000,39830.9,39831.4,39828.9,39828.9
2024-05-21 16:05:00.000,39828.4,39830.4,39825.9,39827.9
2024-05-21 16:05:10.000,39828.4,39828.9,39826.4,39828.9
2024-05-21 16:05:20.000,39827.9,39829.4,39827.9,39828.4
2024-05-21 16:05:30.000,39828.9,39830.9,39828.9,39829.4
2024-05-21 16:05:40.000,39828.9,39831.9,39828.9,39830.9
2024-05-21 16:05:50.000,39830.4,39830.4,39828.4,39829.4
2024-05-21 16:06:00.000,39829.9,39832.9,39829.9,39832.4
2024-05-21 16:06:10.000,39831.9,39834.9,39830.9,39834.4
2024-05-21 16:06:20.000,39834.9,39837.4,39834.9,39836.4
2024-05-21 16:06:30.000,39836.9,39837.9,39834.9,39835.4
2024-05-21 16:06:40.000,39835.9,39836.4,39835.4,39836.4
2024-05-21 16:06:50.000,39835.4,39837.9,39834.9,39837.9
2024-05-21 16:07:00.000,39836.9,39836.9,39834.9,39835.4
2024-05-21 16:07:10.000,39834.9,39835.9,39834.4,39835.9
2024-05-21 16:07:20.000,39835.4,39838.4,39834.9,39838.4
2024-05-21 16:07:30.000,39837.9,39837.9,39836.9,39837.9
2024-05-21 16:07:40.000,39836.9,39838.4,39835.4,39835.4
2024-05-21 16:07:50.000,39834.9,39837.4,39833.9,39835.4
2024-05-21 16:08:00.000,39834.9,39837.4,39834.9,39835.9
2024-05-21 16:08:10.000,39835.4,39837.9,39835.4,39837.4
2024-05-21 16:08:20.000,39837.9,39837.9,39836.9,39837.9
2024-05-21 16:08:30.000,39836.9,39838.9,39835.9,39836.4
2024-05-21 16:08:40.000,39835.4,39836.4,39834.9,39836.4
2024-05-21 16:08:50.000,39835.4,39836.4,39834.9,39835.4
2024-05-21 16:09:00.000,39835.9,39835.9,39834.4,39835.4
2024-05-21 16:09:10.000,39834.9,39835.4,39833.4,39835.4
2024-05-21 16:09:20.000,39834.9,39836.9,39834.9,39835.4
2024-05-21 16:09:30.000,39835.9,39836.4,39835.4,39836.4
2024-05-21 16:09:40.000,39836.9,39838.4,39836.9,39836.9
2024-05-21 16:09:50.000,39837.4,39838.9,39836.9,39837.4
2024-05-21 16:10:00.000,39837.9,39837.9,39835.4,39836.4
2024-05-21 16:10:10.000,39835.9,39836.9,39835.4,39835.4
2024-05-21 16:10:20.000,39835.9,39838.4,39834.9,39837.9
2024-05-21 16:10:30.000,39837.4,39837.9,39834.9,39834.9
2024-05-21 16:10:40.000,39833.9,39835.9,39833.4,39835.9
2024-05-21 16:10:50.000,39836.4,39838.9,39836.4,39838.4
2024-05-21 16:11:00.000,39838.9,39839.9,39837.4,39839.9
2024-05-21 16:11:10.000,39838.9,39841.4,39837.9,39841.4
2024-05-21 16:11:20.000,39840.9,39841.9,39840.4,39841.4
2024-05-21 16:11:30.000,39841.9,39842.4,39840.9,39841.9
2024-05-21 16:11:40.000,39842.4,39842.9,39841.9,39842.4
2024-05-21 16:11:50.000,39841.9,39842.9,39841.9,39842.4
2024-05-21 16:12:00.000,39841.9,39846.9,39841.9,39846.9
2024-05-21 16:12:10.000,39846.4,39847.9,39846.4,39846.4
2024-05-21 16:12:20.000,39846.9,39849.9,39846.9,39847.9
2024-05-21 16:12:30.000,39848.4,39849.4,39846.9,39848.9
2024-05-21 16:12:40.000,39849.9,39850.4,39848.4,39848.4
2024-05-21 16:12:50.000,39848.9,39850.9,39848.9,39850.9
2024-05-21 16:13:00.000,39849.9,39851.9,39849.9,39851.4
2024-05-21 16:13:10.000,39851.9,39852.9,39850.9,39852.9
2024-05-21 16:13:20.000,39851.9,39852.9,39851.4,39851.9
2024-05-21 16:13:30.000,39851.4,39854.4,39851.4,39854.4
2024-05-21 16:13:40.000,39853.9,39855.9,39853.9,39855.4
2024-05-21 16:13:50.000,39854.9,39855.9,39854.9,39855.4
2024-05-21 16:14:00.000,39854.9,39856.9,39854.4,39856.9
2024-05-21 16:14:10.000,39857.9,39858.9,39854.9,39854.9
2024-05-21 16:14:20.000,39854.4,39857.9,39854.4,39857.4
2024-05-21 16:14:30.000,39857.9,39859.4,39856.9,39859.4
2024-05-21 16:14:40.000,39859.9,39866.4,39859.9,39866.4
2024-05-21 16:14:50.000,39865.9,39866.4,39864.9,39866.4
2024-05-21 16:15:00.000,39866.9,39868.9,39865.4,39865.9
2024-05-21 16:15:10.000,39866.9,39869.4,39866.4,39869.4
2024-05-21 16:15:20.000,39868.9,39871.4,39867.9,39870.9
2024-05-21 16:15:30.000,39870.4,39873.9,39869.9,39873.9
2024-05-21 16:15:40.000,39874.4,39877.4,39873.9,39873.9
2024-05-21 16:15:50.000,39874.4,39876.4,39872.9,39874.9
2024-05-21 16:16:00.000,39875.9,39878.4,39875.4,39878.4
2024-05-21 16:16:10.000,39878.9,39878.9,39877.4,39878.4
2024-05-21 16:16:20.000,39878.9,39883.4,39877.4,39883.4
2024-05-21 16:16:30.000,39882.9,39885.4,39882.9,39885.4
2024-05-21 16:16:40.000,39884.9,39885.4,39883.4,39883.9
2024-05-21 16:16:50.000,39883.4,39885.4,39883.4,39885.4
2024-05-21 16:17:00.000,39884.9,39891.9,39884.9,39888.9
2024-05-21 16:17:10.000,39889.4,39890.4,39884.9,39884.9
2024-05-21 16:17:20.000,39885.4,39885.4,39883.4,39885.4
2024-05-21 16:17:30.000,39885.9,39886.4,39882.9,39884.4
2024-05-21 16:17:40.000,39883.9,39884.4,39880.9,39882.4
2024-05-21 16:17:50.000,39882.9,39883.4,39880.9,39880.9
2024-05-21 16:18:00.000,39881.4,39881.9,39880.4,39881.4
2024-05-21 16:18:10.000,39880.9,39881.4,39879.9,39880.4
2024-05-21 16:18:20.000,39880.9,39884.4,39880.9,39882.9
2024-05-21 16:18:30.000,39882.4,39882.9,39881.4,39882.4
2024-05-21 16:18:40.000,39882.9,39884.4,39882.9,39883.9
2024-05-21 16:18:50.000,39884.4,39886.4,39882.4,39885.4
2024-05-21 16:19:00.000,39885.9,39886.9,39885.4,39885.4
2024-05-21 16:19:10.000,39885.9,39887.9,39884.9,39885.9
2024-05-21 16:19:20.000,39886.4,39886.9,39882.4,39882.4
2024-05-21 16:19:30.000,39882.9,39884.4,39882.4,39883.4
2024-05-21 16:19:40.000,39882.9,39883.4,39882.4,39883.4
2024-05-21 16:19:50.000,39882.9,39882.9,39879.9,39880.9
2024-05-21 16:20:00.000,39880.4,39880.4,39875.9,39877.4
2024-05-21 16:20:10.000,39876.9,39876.9,39875.4,39876.4
2024-05-21 16:20:20.000,39875.9,39877.9,39875.4,39877.4
2024-05-21 16:20:30.000,39876.9,39880.4,39876.4,39879.9
2024-05-21 16:20:40.000,39879.4,39879.4,39878.9,39879.4
2024-05-21 16:20:50.000,39879.9,39881.4,39879.4,39880.4
2024-05-21 16:21:00.000,39880.9,39887.4,39880.9,39886.9
2024-05-21 16:21:10.000,39887.4,39890.4,39886.9,39890.4
2024-05-21 16:21:20.000,39890.9,39891.4,39884.4,39884.9
2024-05-21 16:21:30.000,39884.4,39884.9,39881.9,39884.9
2024-05-21 16:21:40.000,39885.4,39885.9,39884.4,39884.4
2024-05-21 16:21:50.000,39883.9,39886.4,39882.9,39886.4
2024-05-21 16:22:00.000,39885.9,39887.4,39884.9,39885.4
2024-05-21 16:22:10.000,39884.9,39886.9,39884.4,39886.4
2024-05-21 16:22:20.000,39885.9,39885.9,39884.4,39884.4
2024-05-21 16:22:30.000,39884.9,39886.4,39881.9,39881.9
2024-05-21 16:22:40.000,39881.4,39882.4,39880.9,39882.4
2024-05-21 16:22:50.000,39881.9,39881.9,39881.4,39881.4
2024-05-21 16:23:00.000,39881.9,39883.4,39880.9,39882.9
2024-05-21 16:23:10.000,39882.4,39882.9,39880.4,39880.9
2024-05-21 16:23:20.000,39880.4,39880.9,39879.4,39880.4
2024-05-21 16:23:30.000,39880.9,39882.4,39879.4,39882.4
2024-05-21 16:23:40.000,39881.9,39883.9,39881.4,39882.4
2024-05-21 16:23:50.000,39881.9,39884.9,39881.9,39884.9
2024-05-21 16:24:00.000,39885.9,39886.4,39884.9,39885.4
2024-05-21 16:24:10.000,39885.9,39885.9,39883.9,39884.9
2024-05-21 16:24:20.000,39884.4,39885.4,39883.9,39883.9
2024-05-21 16:24:30.000,39883.4,39885.9,39882.9,39883.9
2024-05-21 16:24:40.000,39884.4,39886.4,39883.9,39884.4
2024-05-21 16:24:50.000,39884.9,39884.9,39883.9,39884.4
2024-05-21 16:25:00.000,39883.9,39884.9,39879.9,39880.9
2024-05-21 16:25:10.000,39880.4,39880.4,39877.4,39877.9
2024-05-21 16:25:20.000,39876.9,39876.9,39870.9,39872.9
2024-05-21 16:25:30.000,39873.9,39874.9,39872.9,39874.4
2024-05-21 16:25:40.000,39874.9,39874.9,39871.9,39873.4
2024-05-21 16:25:50.000,39872.9,39872.9,39870.9,39871.9
2024-05-21 16:26:00.000,39872.4,39874.9,39871.9,39873.9
2024-05-21 16:26:10.000,39873.4,39874.4,39872.9,39874.4
2024-05-21 16:26:20.000,39873.9,39876.9,39873.9,39875.9
2024-05-21 16:26:30.000,39874.9,39875.9,39873.9,39874.4
2024-05-21 16:26:40.000,39874.4,39875.4,39873.9,39875.4
2024-05-21 16:26:50.000,39874.9,39875.9,39870.9,39870.9
2024-05-21 16:27:00.000,39870.4,39870.4,39867.4,39867.4
2024-05-21 16:27:10.000,39867.9,39868.9,39866.9,39868.4
2024-05-21 16:27:20.000,39867.9,39867.9,39865.9,39866.4
2024-05-21 16:27:30.000,39866.9,39867.9,39865.9,39865.9
2024-05-21 16:27:40.000,39866.4,39866.9,39865.4,39865.4
2024-05-21 16:27:50.000,39865.9,39865.9,39865.4,39865.4
2024-05-21 16:28:00.000,39865.9,39866.9,39862.9,39866.4
2024-05-21 16:28:10.000,39866.9,39869.9,39866.9,39869.9
2024-05-21 16:28:20.000,39870.4,39871.4,39867.9,39867.9
2024-05-21 16:28:30.000,39868.4,39869.9,39867.9,39867.9
2024-05-21 16:28:40.000,39867.4,39869.4,39866.9,39868.4
2024-05-21 16:28:50.000,39868.9,39869.4,39867.9,39868.4
2024-05-21 16:29:00.000,39868.9,39869.9,39868.4,39869.4
2024-05-21 16:29:10.000,39868.9,39870.4,39867.9,39868.4
2024-05-21 16:29:20.000,39867.9,39869.4,39866.9,39869.4
2024-05-21 16:29:30.000,39868.9,39870.9,39867.9,39867.9
2024-05-21 16:29:40.000,39867.4,39867.9,39866.9,39866.9
2024-05-21 16:29:50.000,39867.9,39867.9,39865.4,39866.4
2024-05-21 16:30:00.000,39866.9,39867.9,39863.9,39863.9
2024-05-21 16:30:10.000,39864.4,39867.9,39864.4,39866.4
2024-05-21 16:30:20.000,39865.9,39867.4,39864.4,39867.4
2024-05-21 16:30:30.000,39866.9,39866.9,39865.4,39865.9
2024-05-21 16:30:40.000,39865.4,39866.9,39864.9,39866.4
2024-05-21 16:30:50.000,39865.9,39866.9,39864.9,39864.9
2024-05-21 16:31:00.000,39865.4,39865.4,39862.9,39863.4
2024-05-21 16:31:10.000,39863.9,39865.4,39862.9,39865.4
2024-05-21 16:31:20.000,39864.9,39865.9,39864.9,39865.4
2024-05-21 16:31:30.000,39864.9,39865.9,39863.9,39865.4
2024-05-21 16:31:40.000,39864.9,39866.9,39863.4,39864.9
2024-05-21 16:31:50.000,39863.9,39864.9,39861.9,39861.9
2024-05-21 16:32:00.000,39860.9,39860.9,39858.4,39858.4
2024-05-21 16:32:10.000,39858.9,39859.4,39856.9,39857.4
2024-05-21 16:32:20.000,39856.9,39859.9,39856.4,39859.4
2024-05-21 16:32:30.000,39859.9,39863.4,39858.9,39863.4
2024-05-21 16:32:40.000,39862.9,39864.9,39862.9,39864.4
2024-05-21 16:32:50.000,39863.9,39864.4,39861.9,39863.4
2024-05-21 16:33:00.000,39862.9,39863.4,39860.9,39862.9
2024-05-21 16:33:10.000,39863.4,39863.9,39862.9,39862.9
2024-05-21 16:33:20.000,39862.4,39862.9,39858.9,39859.9
2024-05-21 16:33:30.000,39860.4,39861.4,39858.9,39859.4
2024-05-21 16:33:40.000,39859.9,39861.4,39859.4,39861.4
2024-05-21 16:33:50.000,39861.9,39864.4,39861.4,39862.4
2024-05-21 16:34:00.000,39861.9,39862.4,39858.9,39860.4
2024-05-21 16:34:10.000,39861.4,39862.9,39858.4,39859.4
2024-05-21 16:34:20.000,39858.9,39859.9,39857.4,39858.9
2024-05-21 16:34:30.000,39857.9,39858.9,39856.4,39857.9
2024-05-21 16:34:40.000,39857.4,39857.4,39855.9,39855.9
2024-05-21 16:34:50.000,39856.9,39858.4,39855.9,39857.4
2024-05-21 16:35:00.000,39857.9,39862.4,39856.9,39862.4
2024-05-21 16:35:10.000,39861.9,39862.4,39860.9,39861.4
2024-05-21 16:35:20.000,39860.9,39861.9,39859.9,39860.4
2024-05-21 16:35:30.000,39860.9,39860.9,39859.9,39860.9
2024-05-21 16:35:40.000,39862.4,39866.4,39862.4,39865.4
2024-05-21 16:35:50.000,39865.9,39866.9,39863.4,39863.4
2024-05-21 16:36:00.000,39862.9,39863.9,39862.9,39863.4
2024-05-21 16:36:10.000,39863.9,39864.4,39860.9,39862.4
2024-05-21 16:36:20.000,39861.9,39866.4,39861.9,39865.4
2024-05-21 16:36:30.000,39864.9,39866.9,39864.4,39866.9
2024-05-21 16:36:40.000,39866.4,39867.9,39866.4,39867.9
2024-05-21 16:36:50.000,39867.4,39869.4,39867.4,39868.4
2024-05-21 16:37:00.000,39868.9,39869.9,39866.4,39866.4
2024-05-21 16:37:10.000,39865.9,39868.4,39864.9,39867.9
2024-05-21 16:37:20.000,39867.4,39867.4,39865.9,39866.4
2024-05-21 16:37:30.000,39865.9,39867.9,39864.9,39865.4
2024-05-21 16:37:40.000,39864.9,39866.4,39864.9,39866.4
2024-05-21 16:37:50.000,39866.9,39868.4,39866.4,39866.9
2024-05-21 16:38:00.000,39866.4,39866.4,39864.9,39864.9
2024-05-21 16:38:10.000,39865.4,39865.9,39863.9,39863.9
2024-05-21 16:38:20.000,39865.4,39868.4,39865.4,39867.9
2024-05-21 16:38:30.000,39868.4,39870.9,39868.4,39870.9
2024-05-21 16:38:40.000,39869.9,39870.4,39864.9,39865.4
2024-05-21 16:38:50.000,39865.9,39866.4,39864.4,39866.4
2024-05-21 16:39:00.000,39866.9,39868.9,39866.4,39868.4
2024-05-21 16:39:10.000,39868.9,39869.9,39867.4,39867.4
2024-05-21 16:39:20.000,39866.9,39868.4,39866.4,39866.4
2024-05-21 16:39:30.000,39865.9,39867.4,39865.4,39865.4
2024-05-21 16:39:40.000,39865.9,39867.4,39865.9,39867.4
2024-05-21 16:39:50.000,39866.9,39866.9,39864.4,39864.4
2024-05-21 16:40:00.000,39863.9,39865.4,39860.4,39861.4
2024-05-21 16:40:10.000,39860.9,39860.9,39858.4,39859.5
2024-05-21 16:40:20.000,39860.0,39860.5,39858.0,39859.5
2024-05-21 16:40:30.000,39858.5,39860.0,39858.5,39859.5
2024-05-21 16:40:40.000,39860.0,39861.0,39856.5,39856.5
2024-05-21 16:40:50.000,39857.0,39859.5,39857.0,39859.5
2024-05-21 16:41:00.000,39858.0,39859.0,39856.5,39857.0
2024-05-21 16:41:10.000,39856.5,39859.0,39856.0,39858.6
2024-05-21 16:41:20.000,39858.1,39858.1,39856.1,39856.6
2024-05-21 16:41:30.000,39857.1,39859.6,39857.1,39857.1
2024-05-21 16:41:40.000,39856.6,39856.6,39853.6,39853.6
2024-05-21 16:41:50.000,39853.1,39853.8,39850.3,39851.8
2024-05-21 16:42:00.000,39852.3,39855.3,39851.8,39851.8
2024-05-21 16:42:10.000,39851.3,39855.8,39851.3,39854.8
2024-05-21 16:42:20.000,39855.8,39856.3,39852.3,39855.8
2024-05-21 16:42:30.000,39855.3,39855.8,39853.3,39853.8
2024-05-21 16:42:40.000,39853.3,39854.8,39851.3,39851.3
2024-05-21 16:42:50.000,39850.8,39852.5,39849.8,39852.0
2024-05-21 16:43:00.000,39851.5,39853.0,39850.5,39851.0
2024-05-21 16:43:10.000,39851.5,39852.5,39849.5,39850.0
2024-05-21 16:43:20.000,39850.5,39852.5,39848.5,39849.5
2024-05-21 16:43:30.000,39848.5,39851.0,39847.5,39850.0
2024-05-21 16:43:40.000,39849.5,39851.0,39848.5,39850.0
2024-05-21 16:43:50.000,39850.5,39851.0,39849.0,39851.0
2024-05-21 16:44:00.000,39850.5,39853.0,39850.0,39852.5
2024-05-21 16:44:10.000,39853.0,39853.5,39851.5,39851.5
2024-05-21 16:44:20.000,39852.0,39852.0,39850.5,39851.0
2024-05-21 16:44:30.000,39851.5,39851.5,39846.0,39846.5
2024-05-21 16:44:40.000,39846.0,39850.5,39845.0,39850.0
2024-05-21 16:44:50.000,39849.5,39853.0,39849.5,39853.0
2024-05-21 16:45:00.000,39852.5,39854.0,39850.0,39852.0
2024-05-21 16:45:10.000,39851.5,39851.5,39849.0,39849.0
2024-05-21 16:45:20.000,39849.5,39850.5,39848.5,39850.5
2024-05-21 16:45:30.000,39850.0,39850.0,39846.0,39848.0
2024-05-21 16:45:40.000,39848.5,39850.5,39848.0,39850.5
2024-05-21 16:45:50.000,39851.0,39852.0,39850.0,39850.5
2024-05-21 16:46:00.000,39851.0,39853.5,39851.0,39852.0
2024-05-21 16:46:10.000,39851.0,39856.0,39851.0,39856.0
2024-05-21 16:46:20.000,39856.5,39858.0,39856.5,39857.0
2024-05-21 16:46:30.000,39856.5,39857.0,39854.0,39854.0
2024-05-21 16:46:40.000,39854.5,39855.5,39853.5,39855.5
2024-05-21 16:46:50.000,39855.0,39856.1,39853.0,39856.1
2024-05-21 16:47:00.000,39856.6,39858.1,39856.1,39856.1
2024-05-21 16:47:10.000,39855.6,39855.6,39850.6,39850.6
2024-05-21 16:47:20.000,39851.1,39852.6,39850.6,39852.6
2024-05-21 16:47:30.000,39853.1,39854.1,39852.6,39854.1
2024-05-21 16:47:40.000,39853.6,39858.1,39852.6,39858.1
2024-05-21 16:47:50.000,39857.6,39858.6,39857.6,39858.1
2024-05-21 16:48:00.000,39858.6,39858.6,39856.6,39856.6
2024-05-21 16:48:10.000,39856.1,39856.1,39853.6,39855.1
2024-05-21 16:48:20.000,39854.6,39860.6,39854.6,39860.1
2024-05-21 16:48:30.000,39860.6,39862.1,39857.6,39858.1
2024-05-21 16:48:40.000,39857.6,39857.6,39854.1,39856.1
2024-05-21 16:48:50.000,39855.6,39856.6,39854.6,39856.6
2024-05-21 16:49:00.000,39857.1,39861.1,39857.1,39861.1
2024-05-21 16:49:10.000,39860.6,39861.6,39860.1,39860.1
2024-05-21 16:49:20.000,39859.6,39860.1,39858.1,39858.1
2024-05-21 16:49:30.000,39857.6,39857.6,39857.1,39857.6
2024-05-21 16:49:40.000,39858.6,39858.6,39858.1,39858.6
2024-05-21 16:49:50.000,39858.1,39859.1,39856.1,39857.1
2024-05-21 16:50:00.000,39857.6,39860.6,39857.1,39858.1
2024-05-21 16:50:10.000,39858.6,39861.6,39858.6,39860.6
2024-05-21 16:50:20.000,39861.1,39862.6,39858.1,39859.1
2024-05-21 16:50:30.000,39859.6,39861.1,39859.1,39861.1
2024-05-21 16:50:40.000,39860.6,39862.1,39859.1,39861.6
2024-05-21 16:50:50.000,39861.1,39861.1,39857.6,39857.6
2024-05-21 16:51:00.000,39857.1,39860.6,39857.1,39858.6
2024-05-21 16:51:10.000,39860.1,39860.6,39857.1,39859.6
2024-05-21 16:51:20.000,39860.1,39861.6,39859.1,39861.6
2024-05-21 16:51:30.000,39862.1,39862.6,39860.1,39861.1
2024-05-21 16:51:40.000,39860.6,39861.1,39858.6,39860.1
2024-05-21 16:51:50.000,39860.6,39860.6,39858.1,39858.1
2024-05-21 16:52:00.000,39858.6,39859.6,39856.6,39856.6
2024-05-21 16:52:10.000,39857.1,39858.1,39855.6,39856.6
2024-05-21 16:52:20.000,39856.1,39856.1,39847.6,39847.6
2024-05-21 16:52:30.000,39847.1,39847.1,39840.6,39846.1
2024-05-21 16:52:40.000,39847.1,39851.1,39846.1,39849.6
2024-05-21 16:52:50.000,39848.1,39852.6,39848.1,39852.1
2024-05-21 16:53:00.000,39851.6,39851.6,39848.6,39851.1
2024-05-21 16:53:10.000,39851.6,39851.6,39848.6,39850.6
2024-05-21 16:53:20.000,39851.1,39853.1,39850.6,39851.1
2024-05-21 16:53:30.000,39851.6,39853.1,39851.6,39853.1
2024-05-21 16:53:40.000,39853.6,39853.6,39852.1,39852.6
2024-05-21 16:53:50.000,39853.6,39854.1,39853.1,39853.6
2024-05-21 16:54:00.000,39854.6,39855.6,39854.6,39855.6
2024-05-21 16:54:10.000,39856.1,39857.1,39855.1,39855.6
2024-05-21 16:54:20.000,39856.1,39859.1,39856.1,39858.1
2024-05-21 16:54:30.000,39859.1,39859.1,39854.1,39854.1
2024-05-21 16:54:40.000,39853.6,39855.1,39852.6,39855.1
2024-05-21 16:54:50.000,39855.6,39857.1,39855.6,39857.1
2024-05-21 16:55:00.000,39856.6,39856.6,39853.6,39854.1
2024-05-21 16:55:10.000,39853.6,39854.6,39853.1,39853.6
2024-05-21 16:55:20.000,39853.1,39853.6,39851.1,39852.1
2024-05-21 16:55:30.000,39851.6,39851.6,39848.6,39849.1
2024-05-21 16:55:40.000,39849.6,39850.6,39848.6,39849.1
2024-05-21 16:55:50.000,39849.6,39849.6,39848.1,39848.6
2024-05-21 16:56:00.000,39848.1,39850.1,39847.6,39847.6
2024-05-21 16:56:10.000,39848.6,39848.6,39845.6,39845.6
2024-05-21 16:56:20.000,39845.1,39846.6,39845.1,39845.6
2024-05-21 16:56:30.000,39846.6,39846.6,39846.1,39846.1
2024-05-21 16:56:40.000,39845.6,39845.6,39844.1,39844.6
2024-05-21 16:56:50.000,39845.1,39847.1,39845.1,39846.1
2024-05-21 16:57:00.000,39845.6,39847.1,39843.6,39843.6
2024-05-21 16:57:10.000,39843.1,39844.6,39842.1,39844.6
2024-05-21 16:57:20.000,39845.1,39847.6,39844.6,39845.6
2024-05-21 16:57:30.000,39845.1,39847.6,39845.1,39847.6
2024-05-21 16:57:40.000,39846.1,39847.6,39846.1,39847.6
2024-05-21 16:57:50.000,39846.6,39846.6,39845.1,39845.6
2024-05-21 16:58:00.000,39845.1,39845.6,39844.6,39845.6
2024-05-21 16:58:10.000,39846.1,39846.6,39843.1,39843.1
2024-05-21 16:58:20.000,39843.6,39843.6,39841.1,39841.6
2024-05-21 16:58:30.000,39842.6,39844.6,39842.6,39844.1
2024-05-21 16:58:40.000,39843.6,39845.6,39843.6,39845.1
2024-05-21 16:58:50.000,39845.6,39845.6,39843.1,39843.1
2024-05-21 16:59:00.000,39842.6,39843.6,39841.6,39842.1
2024-05-21 16:59:10.000,39842.6,39842.6,39841.1,39841.6
2024-05-21 16:59:20.000,39841.1,39842.1,39839.1,39839.1
2024-05-21 16:59:30.000,39839.6,39840.6,39838.1,39840.1
2024-05-21 16:59:40.000,39839.6,39839.6,39837.1,39838.1
2024-05-21 16:59:50.000,39838.6,39840.6,39837.6,39838.1
2024-05-21 17:00:00.000,39838.6,39840.1,39837.1,39838.6
2024-05-21 17:00:10.000,39839.1,39840.1,39838.1,39839.6
2024-05-21 17:00:20.000,39840.1,39842.1,39839.6,39841.6
2024-05-21 17:00:30.000,39842.1,39843.6,39841.6,39842.1
2024-05-21 17:00:40.000,39841.6,39843.1,39839.6,39842.6
2024-05-21 17:00:50.000,39843.1,39845.1,39843.1,39845.1
2024-05-21 17:01:00.000,39844.6,39844.6,39841.6,39842.6
2024-05-21 17:01:10.000,39843.1,39845.6,39843.1,39843.6
2024-05-21 17:01:20.000,39843.1,39843.1,39840.1,39841.6
2024-05-21 17:01:30.000,39841.1,39842.6,39841.1,39841.1
2024-05-21 17:01:40.000,39842.1,39842.1,39840.6,39842.1
2024-05-21 17:01:50.000,39841.6,39842.1,39840.6,39841.1
2024-05-21 17:02:00.000,39840.6,39843.1,39839.6,39843.1
2024-05-21 17:02:10.000,39842.6,39843.6,39842.1,39842.1
2024-05-21 17:02:20.000,39841.1,39842.6,39839.6,39842.1
2024-05-21 17:02:30.000,39842.6,39843.6,39842.6,39843.1
2024-05-21 17:02:40.000,39842.6,39843.1,39842.1,39842.1
2024-05-21 17:02:50.000,39842.6,39842.6,39841.6,39842.1
2024-05-21 17:03:00.000,39842.6,39843.6,39840.1,39840.1
2024-05-21 17:03:10.000,39841.1,39841.1,39839.6,39840.1
2024-05-21 17:03:20.000,39840.6,39843.1,39840.6,39843.1
2024-05-21 17:03:30.000,39842.6,39843.1,39839.6,39839.6
2024-05-21 17:03:40.000,39840.1,39843.1,39840.1,39843.1
2024-05-21 17:03:50.000,39843.6,39844.1,39841.6,39841.6
2024-05-21 17:04:00.000,39842.1,39842.1,39840.1,39840.1
2024-05-21 17:04:10.000,39839.6,39839.6,39839.1,39839.1
2024-05-21 17:04:20.000,39839.6,39841.1,39839.1,39839.1
2024-05-21 17:04:30.000,39838.6,39839.6,39838.6,39838.6
2024-05-21 17:04:40.000,39838.1,39838.1,39835.6,39836.1
2024-05-21 17:04:50.000,39836.6,39837.1,39836.1,39836.1
2024-05-21 17:05:00.000,39835.6,39836.1,39832.6,39833.1
2024-05-21 17:05:10.000,39832.6,39835.6,39832.1,39834.1
2024-05-21 17:05:20.000,39834.6,39837.6,39834.6,39836.6
2024-05-21 17:05:30.000,39837.1,39837.6,39836.1,39836.1
2024-05-21 17:05:40.000,39836.6,39836.6,39835.1,39836.1
2024-05-21 17:05:50.000,39835.6,39835.6,39832.6,39833.6
2024-05-21 17:06:00.000,39834.1,39835.1,39832.6,39832.6
2024-05-21 17:06:10.000,39831.6,39832.1,39826.6,39826.6
2024-05-21 17:06:20.000,39827.6,39828.1,39825.6,39826.1
2024-05-21 17:06:30.000,39825.6,39825.6,39823.6,39824.6
2024-05-21 17:06:40.000,39824.1,39825.1,39823.6,39824.1
2024-05-21 17:06:50.000,39824.6,39825.1,39824.1,39825.1
2024-05-21 17:07:00.000,39825.6,39825.6,39824.1,39825.6
2024-05-21 17:07:10.000,39825.1,39825.1,39823.1,39823.6
2024-05-21 17:07:20.000,39823.1,39824.1,39822.6,39822.6
2024-05-21 17:07:30.000,39823.1,39823.6,39822.6,39823.6
2024-05-21 17:07:40.000,39822.6,39823.1,39821.6,39822.6
2024-05-21 17:07:50.000,39822.1,39822.6,39820.1,39821.1
2024-05-21 17:08:00.000,39821.6,39824.6,39821.6,39822.6
2024-05-21 17:08:10.000,39822.1,39822.1,39819.1,39819.1
2024-05-21 17:08:20.000,39818.6,39819.1,39817.1,39818.1
2024-05-21 17:08:30.000,39818.6,39818.6,39816.6,39816.6
2024-05-21 17:08:40.000,39817.1,39817.6,39815.6,39817.1
2024-05-21 17:08:50.000,39816.6,39817.6,39813.6,39813.6
2024-05-21 17:09:00.000,39814.1,39814.1,39808.6,39808.6
2024-05-21 17:09:10.000,39807.6,39809.1,39807.6,39809.1
2024-05-21 17:09:20.000,39808.6,39810.1,39808.6,39810.1
2024-05-21 17:09:30.000,39809.6,39810.1,39807.6,39808.6
2024-05-21 17:09:40.000,39809.1,39809.6,39808.1,39809.6
2024-05-21 17:09:50.000,39810.1,39811.1,39810.1,39810.6
2024-05-21 17:10:00.000,39810.1,39812.1,39809.6,39809.6
2024-05-21 17:10:10.000,39808.1,39814.6,39808.1,39814.6
2024-05-21 17:10:20.000,39816.1,39818.1,39816.1,39818.1
2024-05-21 17:10:30.000,39817.6,39823.6,39817.6,39823.6
2024-05-21 17:10:40.000,39824.1,39826.6,39824.1,39826.1
2024-05-21 17:10:50.000,39826.6,39826.6,39822.6,39823.6
2024-05-21 17:11:00.000,39823.1,39825.1,39821.6,39823.1
2024-05-21 17:11:10.000,39822.6,39823.1,39821.1,39822.1
2024-05-21 17:11:20.000,39822.6,39825.6,39822.6,39825.1
2024-05-21 17:11:30.000,39825.6,39831.6,39825.6,39829.1
2024-05-21 17:11:40.000,39828.6,39830.1,39825.6,39830.1
2024-05-21 17:11:50.000,39829.6,39831.6,39829.1,39831.1
2024-05-21 17:12:00.000,39831.6,39832.6,39829.6,39829.6
2024-05-21 17:12:10.000,39830.1,39830.1,39828.1,39829.1
2024-05-21 17:12:20.000,39828.6,39828.6,39825.1,39826.6
2024-05-21 17:12:30.000,39827.6,39828.6,39825.6,39825.6
2024-05-21 17:12:40.000,39826.1,39828.1,39824.6,39826.1
2024-05-21 17:12:50.000,39826.6,39828.1,39825.1,39827.1
2024-05-21 17:13:00.000,39827.6,39828.6,39827.1,39827.1
2024-05-21 17:13:10.000,39827.6,39828.1,39825.1,39826.1
2024-05-21 17:13:20.000,39826.6,39828.6,39826.6,39828.1
2024-05-21 17:13:30.000,39828.6,39830.6,39828.1,39829.1
2024-05-21 17:13:40.000,39829.6,39829.6,39828.6,39829.1
2024-05-21 17:13:50.000,39829.6,39830.1,39824.6,39825.1
2024-05-21 17:14:00.000,39824.6,39827.1,39824.6,39825.1
2024-05-21 17:14:10.000,39825.6,39825.6,39822.6,39822.6
2024-05-21 17:14:20.000,39822.1,39822.1,39819.1,39819.1
2024-05-21 17:14:30.000,39819.6,39819.6,39816.6,39818.6
2024-05-21 17:14:40.000,39818.1,39818.6,39816.6,39817.1
2024-05-21 17:14:50.000,39817.6,39820.1,39817.6,39820.1
2024-05-21 17:15:00.000,39820.6,39823.1,39820.1,39823.1
2024-05-21 17:15:10.000,39822.6,39823.6,39821.1,39823.1
2024-05-21 17:15:20.000,39823.6,39824.6,39823.1,39824.1
2024-05-21 17:15:30.000,39823.6,39826.6,39822.6,39826.1
2024-05-21 17:15:40.000,39826.6,39827.6,39826.6,39827.6
2024-05-21 17:15:50.000,39826.1,39826.6,39824.6,39824.6
2024-05-21 17:16:00.000,39825.6,39825.6,39822.6,39823.1
2024-05-21 17:16:10.000,39822.6,39824.6,39822.6,39824.1
2024-05-21 17:16:20.000,39824.6,39826.1,39823.6,39825.1
2024-05-21 17:16:30.000,39825.6,39825.6,39822.6,39822.6
2024-05-21 17:16:40.000,39822.1,39824.1,39821.6,39824.1
2024-05-21 17:16:50.000,39824.6,39826.6,39824.6,39825.6
2024-05-21 17:17:00.000,39826.1,39826.6,39824.6,39826.1
2024-05-21 17:17:10.000,39825.6,39826.6,39825.1,39825.6
2024-05-21 17:17:20.000,39826.1,39827.6,39825.6,39827.1
2024-05-21 17:17:30.000,39827.6,39830.6,39827.6,39829.1
2024-05-21 17:17:40.000,39828.6,39829.6,39827.6,39828.6
2024-05-21 17:17:50.000,39829.1,39829.6,39828.6,39829.6
2024-05-21 17:18:00.000,39829.1,39832.6,39829.1,39832.1
2024-05-21 17:18:10.000,39831.6,39832.1,39829.1,39829.1
2024-05-21 17:18:20.000,39829.6,39830.6,39828.6,39829.1
2024-05-21 17:18:30.000,39829.6,39832.6,39829.6,39832.6
2024-05-21 17:18:40.000,39832.1,39833.1,39830.1,39830.6
2024-05-21 17:18:50.000,39830.1,39830.6,39828.6,39830.6
2024-05-21 17:19:00.000,39831.1,39834.6,39831.1,39834.6
2024-05-21 17:19:10.000,39834.1,39834.6,39833.1,39834.1
2024-05-21 17:19:20.000,39834.6,39835.6,39834.6,39835.6
2024-05-21 17:19:30.000,39836.1,39836.6,39835.6,39835.6
2024-05-21 17:19:40.000,39836.1,39837.6,39836.1,39837.1
2024-05-21 17:19:50.000,39836.6,39836.6,39835.1,39835.1
2024-05-21 17:20:00.000,39835.6,39836.1,39830.6,39830.6
2024-05-21 17:20:10.000,39831.6,39833.1,39831.1,39833.1
2024-05-21 17:20:20.000,39833.6,39836.1,39833.1,39833.6
2024-05-21 17:20:30.000,39834.1,39834.6,39831.1,39832.6
2024-05-21 17:20:40.000,39832.1,39833.6,39831.6,39833.1
2024-05-21 17:20:50.000,39833.6,39833.6,39831.1,39832.1
2024-05-21 17:21:00.000,39832.6,39835.6,39832.6,39835.1
2024-05-21 17:21:10.000,39835.6,39835.6,39832.6,39833.1
2024-05-21 17:21:20.000,39832.1,39835.6,39832.1,39835.1
2024-05-21 17:21:30.000,39835.6,39836.6,39835.6,39835.6
2024-05-21 17:21:40.000,39836.1,39837.1,39836.1,39836.6
2024-05-21 17:21:50.000,39836.1,39837.6,39835.6,39836.1
2024-05-21 17:22:00.000,39836.6,39837.6,39836.1,39836.6
2024-05-21 17:22:10.000,39835.6,39836.6,39834.6,39834.6
2024-05-21 17:22:20.000,39833.1,39833.1,39831.1,39831.6
2024-05-21 17:22:30.000,39831.1,39831.1,39826.6,39826.6
2024-05-21 17:22:40.000,39827.1,39827.6,39826.6,39827.1
2024-05-21 17:22:50.000,39826.6,39827.1,39826.1,39826.6
2024-05-21 17:23:00.000,39828.1,39829.6,39827.6,39829.1
2024-05-21 17:23:10.000,39828.6,39831.1,39828.6,39831.1
2024-05-21 17:23:20.000,39831.6,39831.6,39829.1,39829.6
2024-05-21 17:23:30.000,39830.1,39831.1,39829.1,39831.1
2024-05-21 17:23:40.000,39831.6,39831.6,39830.1,39830.1
2024-05-21 17:23:50.000,39829.6,39830.6,39829.1,39830.6
2024-05-21 17:24:00.000,39831.1,39832.1,39829.1,39829.1
2024-05-21 17:24:10.000,39829.6,39831.1,39829.1,39831.1
2024-05-21 17:24:20.000,39831.6,39834.6,39831.1,39833.6
2024-05-21 17:24:30.000,39832.6,39834.6,39832.6,39834.6
2024-05-21 17:24:40.000,39833.6,39833.6,39828.6,39829.1
2024-05-21 17:24:50.000,39828.6,39829.1,39827.6,39829.1
2024-05-21 17:25:00.000,39828.6,39828.6,39824.6,39824.6
2024-05-21 17:25:10.000,39823.6,39824.6,39822.1,39822.6
2024-05-21 17:25:20.000,39823.1,39825.1,39822.6,39825.1
2024-05-21 17:25:30.000,39824.6,39825.1,39824.6,39824.6
2024-05-21 17:25:40.000,39823.6,39824.1,39821.6,39823.1
2024-05-21 17:25:50.000,39822.6,39825.1,39822.6,39825.1
2024-05-21 17:26:00.000,39825.6,39829.1,39825.6,39827.6
2024-05-21 17:26:10.000,39828.1,39828.1,39822.6,39823.6
2024-05-21 17:26:20.000,39823.1,39823.6,39821.1,39821.1
2024-05-21 17:26:30.000,39821.6,39821.6,39818.6,39819.6
2024-05-21 17:26:40.000,39819.1,39821.1,39818.1,39821.1
2024-05-21 17:26:50.000,39820.6,39821.1,39820.1,39820.6
2024-05-21 17:27:00.000,39819.6,39821.1,39819.6,39821.1
2024-05-21 17:27:10.000,39821.6,39821.6,39821.1,39821.1
2024-05-21 17:27:20.000,39821.6,39822.1,39819.6,39821.6
2024-05-21 17:27:30.000,39821.1,39822.6,39821.1,39822.6
2024-05-21 17:27:40.000,39823.1,39825.1,39822.6,39825.1
2024-05-21 17:27:50.000,39824.6,39825.6,39824.1,39825.6
2024-05-21 17:28:00.000,39826.1,39826.1,39821.6,39824.6
2024-05-21 17:28:10.000,39825.1,39825.1,39824.1,39824.1
2024-05-21 17:28:20.000,39823.6,39827.1,39823.6,39824.1
2024-05-21 17:28:30.000,39823.6,39825.1,39822.6,39825.1
2024-05-21 17:28:40.000,39825.6,39826.6,39824.6,39824.6
2024-05-21 17:28:50.000,39825.1,39825.1,39822.6,39823.1
2024-05-21 17:29:00.000,39823.6,39823.6,39819.6,39819.6
2024-05-21 17:29:10.000,39820.6,39823.6,39819.6,39823.1
2024-05-21 17:29:20.000,39822.6,39823.6,39822.1,39822.6
2024-05-21 17:29:30.000,39824.1,39825.1,39824.1,39824.1
2024-05-21 17:29:40.000,39824.6,39826.1,39823.6,39826.1
2024-05-21 17:29:50.000,39825.6,39830.6,39825.6,39829.6
2024-05-21 17:30:00.000,39830.1,39831.1,39829.1,39830.1
2024-05-21 17:30:10.000,39829.6,39832.1,39828.1,39832.1
2024-05-21 17:30:20.000,39831.6,39832.6,39831.1,39831.1
2024-05-21 17:30:30.000,39831.6,39834.1,39831.6,39834.1
2024-05-21 17:30:40.000,39834.6,39834.6,39831.6,39833.1
2024-05-21 17:30:50.000,39832.6,39837.1,39831.6,39835.6
2024-05-21 17:31:00.000,39836.1,39836.6,39835.1,39835.1
2024-05-21 17:31:10.000,39834.6,39835.6,39834.6,39835.1
2024-05-21 17:31:20.000,39835.6,39837.6,39835.1,39836.1
2024-05-21 17:31:30.000,39836.6,39839.6,39836.6,39839.1
2024-05-21 17:31:40.000,39839.6,39840.6,39839.6,39840.6
2024-05-21 17:31:50.000,39840.1,39840.6,39838.6,39839.1
2024-05-21 17:32:00.000,39839.6,39843.1,39839.6,39842.1
2024-05-21 17:32:10.000,39841.6,39842.6,39841.1,39841.6
2024-05-21 17:32:20.000,39842.1,39842.1,39839.6,39840.1
2024-05-21 17:32:30.000,39839.6,39840.1,39838.6,39839.6
2024-05-21 17:32:40.000,39840.6,39840.6,39839.1,39839.1
2024-05-21 17:32:50.000,39839.6,39839.6,39838.6,39838.6
2024-05-21 17:33:00.000,39839.6,39839.6,39837.6,39838.6
2024-05-21 17:33:10.000,39838.1,39838.6,39836.6,39838.1
2024-05-21 17:33:20.000,39838.6,39839.1,39836.6,39836.6
2024-05-21 17:33:30.000,39836.1,39838.1,39835.1,39838.1
2024-05-21 17:33:40.000,39837.6,39837.6,39835.6,39836.6
2024-05-21 17:33:50.000,39837.1,39838.1,39836.6,39837.6
2024-05-21 17:34:00.000,39837.1,39838.6,39836.6,39837.1
2024-05-21 17:34:10.000,39837.6,39837.6,39832.6,39833.1
2024-05-21 17:34:20.000,39832.6,39832.6,39831.1,39831.6
2024-05-21 17:34:30.000,39831.1,39831.6,39830.6,39831.1
2024-05-21 17:34:40.000,39830.6,39833.1,39830.6,39831.6
2024-05-21 17:34:50.000,39831.1,39831.6,39828.1,39828.1
2024-05-21 17:35:00.000,39827.6,39828.6,39826.6,39828.1
2024-05-21 17:35:10.000,39828.6,39828.6,39825.6,39826.1
2024-05-21 17:35:20.000,39825.6,39827.1,39824.6,39826.6
2024-05-21 17:35:30.000,39826.1,39827.6,39826.1,39827.6
2024-05-21 17:35:40.000,39827.1,39828.6,39826.6,39828.6
2024-05-21 17:35:50.000,39827.6,39828.6,39825.1,39827.6
2024-05-21 17:36:00.000,39828.1,39828.1,39825.1,39827.6
2024-05-21 17:36:10.000,39828.1,39828.1,39823.6,39824.1
2024-05-21 17:36:20.000,39823.6,39824.6,39823.6,39824.6
2024-05-21 17:36:30.000,39824.1,39825.1,39822.1,39824.6
2024-05-21 17:36:40.000,39824.1,39824.6,39822.6,39823.6
2024-05-21 17:36:50.000,39823.1,39823.1,39821.6,39822.6
2024-05-21 17:37:00.000,39823.6,39824.1,39821.6,39822.1
2024-05-21 17:37:10.000,39822.6,39823.6,39819.1,39819.6
2024-05-21 17:37:20.000,39819.1,39821.1,39818.6,39821.1
2024-05-21 17:37:30.000,39820.6,39821.1,39820.1,39820.1
2024-05-21 17:37:40.000,39819.6,39819.6,39817.6,39819.1
2024-05-21 17:37:50.000,39819.6,39820.1,39819.1,39819.6
2024-05-21 17:38:00.000,39819.1,39819.6,39818.1,39818.1
2024-05-21 17:38:10.000,39817.6,39823.1,39817.6,39823.1
2024-05-21 17:38:20.000,39822.6,39823.1,39820.6,39821.6
2024-05-21 17:38:30.000,39821.1,39821.6,39820.6,39821.6
2024-05-21 17:38:40.000,39822.1,39822.6,39821.6,39822.6
2024-05-21 17:38:50.000,39823.1,39823.1,39821.1,39822.1
2024-05-21 17:39:00.000,39821.6,39822.1,39820.6,39821.6
2024-05-21 17:39:10.000,39821.1,39822.1,39820.6,39821.6
2024-05-21 17:39:20.000,39821.1,39823.1,39821.1,39823.1
2024-05-21 17:39:30.000,39823.6,39824.6,39823.6,39824.6
2024-05-21 17:39:40.000,39823.6,39825.6,39823.6,39825.6
2024-05-21 17:39:50.000,39826.6,39827.1,39826.6,39827.1
2024-05-21 17:40:00.000,39826.6,39827.6,39824.6,39824.6
2024-05-21 17:40:10.000,39823.6,39825.6,39822.6,39825.6
2024-05-21 17:40:20.000,39826.1,39826.6,39826.1,39826.6
2024-05-21 17:40:30.000,39826.1,39828.1,39826.1,39827.6
2024-05-21 17:40:40.000,39828.1,39832.6,39828.1,39832.6
2024-05-21 17:40:50.000,39832.1,39832.1,39830.1,39831.6
2024-05-21 17:41:00.000,39831.1,39832.6,39831.1,39832.1
2024-05-21 17:41:10.000,39832.6,39833.6,39831.6,39832.6
2024-05-21 17:41:20.000,39832.1,39832.1,39830.6,39831.6
2024-05-21 17:41:30.000,39831.1,39831.6,39829.1,39829.6
2024-05-21 17:41:40.000,39829.1,39829.6,39828.1,39828.1
2024-05-21 17:41:50.000,39828.6,39828.6,39827.1,39827.1
2024-05-21 17:42:00.000,39827.6,39827.6,39821.6,39822.1
2024-05-21 17:42:10.000,39822.6,39825.1,39822.6,39825.1
2024-05-21 17:42:20.000,39825.6,39826.6,39824.6,39826.1
2024-05-21 17:42:30.000,39825.6,39825.6,39823.6,39823.6
2024-05-21 17:42:40.000,39824.1,39825.6,39824.1,39825.6
2024-05-21 17:42:50.000,39825.1,39826.1,39824.1,39825.1
2024-05-21 17:43:00.000,39825.6,39825.6,39820.6,39820.6
2024-05-21 17:43:10.000,39820.1,39820.1,39816.6,39817.1
2024-05-21 17:43:20.000,39817.6,39822.1,39817.6,39821.6
2024-05-21 17:43:30.000,39822.1,39823.1,39822.1,39823.1
2024-05-21 17:43:40.000,39822.6,39822.6,39818.6,39819.1
2024-05-21 17:43:50.000,39818.6,39823.6,39818.6,39823.6
2024-05-21 17:44:00.000,39823.1,39823.6,39819.6,39820.1
2024-05-21 17:44:10.000,39819.6,39822.1,39819.6,39821.6
2024-05-21 17:44:20.000,39821.1,39823.6,39820.6,39822.6
2024-05-21 17:44:30.000,39822.1,39822.6,39819.1,39821.1
2024-05-21 17:44:40.000,39821.6,39824.6,39821.6,39823.1
2024-05-21 17:44:50.000,39823.6,39823.6,39823.1,39823.6
2024-05-21 17:45:00.000,39824.1,39825.6,39822.6,39824.1
2024-05-21 17:45:10.000,39823.6,39824.6,39820.6,39821.1
2024-05-21 17:45:20.000,39821.6,39823.1,39820.6,39822.6
2024-05-21 17:45:30.000,39823.6,39824.1,39823.1,39824.1
2024-05-21 17:45:40.000,39824.6,39824.6,39822.1,39822.6
2024-05-21 17:45:50.000,39823.1,39825.6,39821.6,39825.6
2024-05-21 17:46:00.000,39825.1,39827.6,39824.6,39827.6
2024-05-21 17:46:10.000,39826.6,39829.1,39826.6,39826.6
2024-05-21 17:46:20.000,39825.6,39827.6,39825.1,39827.6
2024-05-21 17:46:30.000,39828.1,39830.6,39827.6,39830.1
2024-05-21 17:46:40.000,39830.6,39830.6,39828.6,39829.6
2024-05-21 17:46:50.000,39830.6,39830.6,39829.6,39830.6
2024-05-21 17:47:00.000,39831.1,39832.6,39830.6,39832.1
2024-05-21 17:47:10.000,39831.6,39832.6,39831.6,39831.6
2024-05-21 17:47:20.000,39830.6,39830.6,39828.6,39828.6
2024-05-21 17:47:30.000,39829.1,39829.1,39827.6,39827.6
2024-05-21 17:47:40.000,39826.6,39826.6,39824.1,39824.6
2024-05-21 17:47:50.000,39824.1,39825.6,39824.1,39825.6
2024-05-21 17:48:00.000,39825.1,39826.6,39824.1,39824.1
2024-05-21 17:48:10.000,39823.6,39826.6,39823.6,39826.6
2024-05-21 17:48:20.000,39827.1,39829.6,39826.6,39829.6
2024-05-21 17:48:30.000,39830.6,39832.6,39828.1,39831.1
2024-05-21 17:48:40.000,39830.6,39831.1,39828.6,39830.6
2024-05-21 17:48:50.000,39830.1,39831.1,39829.6,39830.6
2024-05-21 17:49:00.000,39829.6,39832.6,39829.6,39832.6
2024-05-21 17:49:10.000,39832.1,39832.1,39830.6,39831.6
2024-05-21 17:49:20.000,39832.1,39836.6,39832.1,39833.6
2024-05-21 17:49:30.000,39834.1,39835.6,39833.6,39834.6
2024-05-21 17:49:40.000,39835.1,39835.6,39833.6,39834.1
2024-05-21 17:49:50.000,39834.6,39836.6,39834.6,39836.1
2024-05-21 17:50:00.000,39835.6,39837.6,39834.6,39835.6
2024-05-21 17:50:10.000,39836.1,39836.6,39833.1,39835.6
2024-05-21 17:50:20.000,39835.1,39835.1,39833.1,39834.6
2024-05-21 17:50:30.000,39835.1,39839.6,39835.1,39839.6
2024-05-21 17:50:40.000,39839.1,39840.6,39838.6,39838.6
2024-05-21 17:50:50.000,39838.1,39843.6,39838.1,39843.6
2024-05-21 17:51:00.000,39844.1,39844.6,39842.6,39843.6
2024-05-21 17:51:10.000,39840.6,39840.6,39837.6,39839.6
2024-05-21 17:51:20.000,39838.6,39838.6,39837.6,39838.6
2024-05-21 17:51:30.000,39839.1,39840.6,39838.1,39840.6
2024-05-21 17:51:40.000,39841.6,39843.6,39841.6,39842.6
2024-05-21 17:51:50.000,39842.1,39843.6,39841.6,39843.6
2024-05-21 17:52:00.000,39843.1,39844.6,39841.6,39842.6
2024-05-21 17:52:10.000,39842.1,39843.1,39841.6,39842.6
2024-05-21 17:52:20.000,39842.1,39842.6,39841.6,39842.6
2024-05-21 17:52:30.000,39843.1,39843.1,39842.1,39842.6
2024-05-21 17:52:40.000,39841.6,39842.6,39841.1,39841.1
2024-05-21 17:52:50.000,39840.6,39841.6,39839.6,39839.6
2024-05-21 17:53:00.000,39838.6,39839.1,39835.6,39836.6
2024-05-21 17:53:10.000,39837.6,39837.6,39835.1,39836.6
2024-05-21 17:53:20.000,39836.1,39836.1,39831.6,39831.6
2024-05-21 17:53:30.000,39832.1,39832.6,39829.6,39830.6
2024-05-21 17:53:40.000,39830.1,39831.6,39829.6,39830.1
2024-05-21 17:53:50.000,39830.6,39834.6,39830.6,39834.6
2024-05-21 17:54:00.000,39834.1,39834.6,39833.1,39833.1
2024-05-21 17:54:10.000,39833.6,39834.6,39832.6,39833.1
2024-05-21 17:54:20.000,39832.6,39834.6,39832.6,39833.1
2024-05-21 17:54:30.000,39832.6,39832.6,39829.1,39829.6
2024-05-21 17:54:40.000,39829.1,39829.6,39827.6,39828.6
2024-05-21 17:54:50.000,39828.1,39831.1,39828.1,39828.1
2024-05-21 17:55:00.000,39828.6,39828.6,39825.6,39826.1
2024-05-21 17:55:10.000,39826.6,39828.6,39826.1,39827.6
2024-05-21 17:55:20.000,39827.1,39827.6,39826.1,39826.6
2024-05-21 17:55:30.000,39825.6,39826.6,39824.6,39824.6
2024-05-21 17:55:40.000,39825.6,39828.6,39825.1,39828.6
2024-05-21 17:55:50.000,39829.1,39829.1,39826.6,39828.1
2024-05-21 17:56:00.000,39827.6,39828.6,39826.6,39827.6
2024-05-21 17:56:10.000,39827.1,39827.1,39824.6,39824.6
2024-05-21 17:56:20.000,39824.1,39824.6,39823.6,39824.6
2024-05-21 17:56:30.000,39823.1,39826.1,39822.6,39825.6
2024-05-21 17:56:40.000,39825.1,39826.6,39824.6,39825.1
2024-05-21 17:56:50.000,39825.6,39825.6,39820.6,39821.1
2024-05-21 17:57:00.000,39821.6,39822.6,39819.6,39822.6
2024-05-21 17:57:10.000,39824.1,39825.6,39823.6,39824.1
2024-05-21 17:57:20.000,39823.6,39823.6,39819.6,39820.1
2024-05-21 17:57:30.000,39820.6,39820.6,39818.1,39819.1
2024-05-21 17:57:40.000,39819.6,39821.6,39819.6,39821.6
2024-05-21 17:57:50.000,39821.1,39821.6,39819.1,39819.1
2024-05-21 17:58:00.000,39819.6,39819.6,39814.1,39816.6
2024-05-21 17:58:10.000,39817.1,39817.6,39814.6,39816.6
2024-05-21 17:58:20.000,39815.1,39819.1,39815.1,39817.6
2024-05-21 17:58:30.000,39818.1,39823.6,39817.6,39823.6
2024-05-21 17:58:40.000,39824.6,39824.6,39822.6,39822.6
2024-05-21 17:58:50.000,39823.1,39823.6,39822.6,39823.6
2024-05-21 17:59:00.000,39823.1,39825.6,39822.6,39824.6
2024-05-21 17:59:10.000,39823.6,39823.6,39821.6,39822.6
2024-05-21 17:59:20.000,39823.1,39825.1,39822.6,39825.1
2024-05-21 17:59:30.000,39824.6,39826.6,39823.6,39825.6
2024-05-21 17:59:40.000,39825.1,39827.6,39824.6,39824.6
2024-05-21 17:59:50.000,39824.1,39824.1,39822.6,39823.1
2024-05-21 18:00:00.000,39822.6,39822.6,39819.6,39819.6
2024-05-21 18:00:10.000,39820.1,39821.6,39817.6,39818.6
2024-05-21 18:00:20.000,39819.6,39819.6,39817.1,39817.1
2024-05-21 18:00:30.000,39816.6,39819.6,39816.6,39817.6
2024-05-21 18:00:40.000,39817.1,39819.6,39816.1,39819.1
2024-05-21 18:00:50.000,39818.6,39820.6,39817.1,39817.1
2024-05-21 18:01:00.000,39817.6,39821.6,39817.6,39821.6
2024-05-21 18:01:10.000,39821.1,39821.6,39816.6,39819.6
2024-05-21 18:01:20.000,39820.1,39822.6,39817.6,39820.1
2024-05-21 18:01:30.000,39820.6,39820.6,39818.6,39819.6
2024-05-21 18:01:40.000,39819.1,39824.6,39817.6,39824.6
2024-05-21 18:01:50.000,39823.6,39825.6,39823.6,39824.1
2024-05-21 18:02:00.000,39824.6,39826.1,39823.6,39825.1
2024-05-21 18:02:10.000,39825.6,39825.6,39822.6,39823.6
2024-05-21 18:02:20.000,39822.6,39823.6,39822.1,39822.1
2024-05-21 18:02:30.000,39822.6,39824.1,39821.6,39824.1
2024-05-21 18:02:40.000,39823.6,39823.6,39820.6,39822.6
2024-05-21 18:02:50.000,39821.6,39825.1,39821.6,39824.6
2024-05-21 18:03:00.000,39825.1,39825.1,39822.6,39823.1
2024-05-21 18:03:10.000,39823.6,39825.1,39823.6,39823.6
2024-05-21 18:03:20.000,39824.1,39824.6,39823.6,39824.6
2024-05-21 18:03:30.000,39824.1,39826.1,39823.6,39823.6
2024-05-21 18:03:40.000,39822.6,39823.6,39822.6,39822.6
2024-05-21 18:03:50.000,39822.1,39827.6,39822.1,39827.6
2024-05-21 18:04:00.000,39826.6,39827.6,39825.6,39827.1
2024-05-21 18:04:10.000,39827.6,39827.6,39823.6,39824.1
2024-05-21 18:04:20.000,39823.6,39824.6,39823.1,39823.6
2024-05-21 18:04:30.000,39824.1,39826.1,39823.6,39825.6
2024-05-21 18:04:40.000,39826.6,39826.6,39823.6,39823.6
2024-05-21 18:04:50.000,39824.1,39826.6,39824.1,39825.6
2024-05-21 18:05:00.000,39824.6,39828.1,39823.6,39827.1
2024-05-21 18:05:10.000,39827.6,39829.6,39826.1,39829.6
2024-05-21 18:05:20.000,39829.1,39829.1,39825.1,39825.6
2024-05-21 18:05:30.000,39825.1,39825.1,39823.1,39824.6
2024-05-21 18:05:40.000,39824.1,39826.9,39824.1,39826.4
2024-05-21 18:05:50.000,39825.9,39826.4,39823.9,39824.4
2024-05-21 18:06:00.000,39823.9,39828.4,39823.9,39828.4
2024-05-21 18:06:10.000,39828.9,39829.4,39827.4,39828.4
2024-05-21 18:06:20.000,39827.9,39828.4,39825.9,39826.4
2024-05-21 18:06:30.000,39825.9,39827.9,39825.9,39827.4
2024-05-21 18:06:40.000,39826.9,39828.4,39825.9,39825.9
2024-05-21 18:06:50.000,39826.4,39826.4,39822.4,39822.4
2024-05-21 18:07:00.000,39821.9,39822.4,39819.9,39819.9
2024-05-21 18:07:10.000,39819.4,39819.9,39815.9,39816.9
2024-05-21 18:07:20.000,39816.4,39816.9,39815.9,39815.9
2024-05-21 18:07:30.000,39816.9,39816.9,39815.4,39816.4
2024-05-21 18:07:40.000,39815.4,39817.4,39815.4,39817.4
2024-05-21 18:07:50.000,39816.9,39818.4,39816.9,39818.4
2024-05-21 18:08:00.000,39817.4,39818.4,39816.9,39818.4
2024-05-21 18:08:10.000,39818.9,39824.8,39818.9,39823.8
2024-05-21 18:08:20.000,39822.8,39824.8,39822.8,39822.8
2024-05-21 18:08:30.000,39822.3,39823.8,39817.8,39817.8
2024-05-21 18:08:40.000,39816.8,39818.8,39816.8,39817.8
2024-05-21 18:08:50.000,39818.3,39818.3,39817.8,39817.8
2024-05-21 18:09:00.000,39815.8,39815.8,39813.3,39813.3
2024-05-21 18:09:10.000,39814.3,39816.8,39813.3,39815.8
2024-05-21 18:09:20.000,39815.3,39816.8,39814.3,39816.3
2024-05-21 18:09:30.000,39815.8,39816.3,39813.3,39814.3
2024-05-21 18:09:40.000,39815.3,39816.3,39814.3,39815.3
2024-05-21 18:09:50.000,39814.8,39815.4,39814.4,39814.9
2024-05-21 18:10:00.000,39815.4,39815.9,39814.9,39814.9
2024-05-21 18:10:10.000,39814.4,39815.4,39813.9,39814.4
2024-05-21 18:10:20.000,39814.9,39815.9,39813.9,39815.4
2024-05-21 18:10:30.000,39815.9,39815.9,39812.4,39812.9
2024-05-21 18:10:40.000,39810.9,39811.9,39809.9,39810.9
2024-05-21 18:10:50.000,39809.9,39809.9,39805.9,39805.9
2024-05-21 18:11:00.000,39806.4,39806.9,39791.9,39793.9
2024-05-21 18:11:10.000,39792.9,39796.4,39790.4,39791.4
2024-05-21 18:11:20.000,39791.9,39793.9,39780.9,39780.9
2024-05-21 18:11:30.000,39782.4,39791.9,39782.4,39791.9
2024-05-21 18:11:40.000,39790.9,39793.9,39789.9,39792.9
2024-05-21 18:11:50.000,39793.9,39796.9,39793.4,39795.9
2024-05-21 18:12:00.000,39796.4,39796.9,39793.4,39794.4
2024-05-21 18:12:10.000,39793.9,39793.9,39790.9,39791.9
2024-05-21 18:12:20.000,39791.4,39792.4,39789.9,39792.4
2024-05-21 18:12:30.000,39791.9,39792.9,39789.9,39789.9
2024-05-21 18:12:40.000,39790.4,39791.9,39790.4,39791.9
2024-05-21 18:12:50.000,39792.9,39794.9,39791.9,39792.4
2024-05-21 18:13:00.000,39791.9,39792.4,39789.9,39791.9
2024-05-21 18:13:10.000,39792.4,39792.9,39790.9,39791.4
2024-05-21 18:13:20.000,39790.9,39792.4,39790.4,39791.4
2024-05-21 18:13:30.000,39790.9,39790.9,39787.4,39788.4
2024-05-21 18:13:40.000,39788.9,39791.4,39788.9,39789.9
2024-05-21 18:13:50.000,39789.4,39789.9,39786.9,39788.9
2024-05-21 18:14:00.000,39789.4,39790.9,39788.4,39790.9
2024-05-21 18:14:10.000,39791.4,39791.4,39787.4,39788.4
2024-05-21 18:14:20.000,39788.9,39789.4,39788.4,39789.4
2024-05-21 18:14:30.000,39788.9,39789.9,39787.9,39789.4
2024-05-21 18:14:40.000,39789.9,39792.4,39789.9,39792.4
2024-05-21 18:14:50.000,39792.9,39794.9,39792.4,39794.9
2024-05-21 18:15:00.000,39794.4,39800.9,39794.4,39800.4
2024-05-21 18:15:10.000,39799.9,39804.4,39799.9,39802.4
2024-05-21 18:15:20.000,39802.9,39804.4,39800.9,39803.4
2024-05-21 18:15:30.000,39802.9,39803.4,39801.9,39801.9
2024-05-21 18:15:40.000,39801.4,39803.4,39801.4,39803.4
2024-05-21 18:15:50.000,39802.9,39803.4,39801.9,39802.9
2024-05-21 18:16:00.000,39803.4,39805.4,39803.4,39803.9
2024-05-21 18:16:10.000,39804.4,39806.9,39804.4,39804.9
2024-05-21 18:16:20.000,39805.9,39807.4,39805.4,39806.9
2024-05-21 18:16:30.000,39807.4,39808.9,39807.4,39808.9
2024-05-21 18:16:40.000,39808.4,39809.9,39807.4,39809.9
2024-05-21 18:16:50.000,39810.9,39812.9,39810.9,39812.4
2024-05-21 18:17:00.000,39811.9,39811.9,39807.9,39807.9
2024-05-21 18:17:10.000,39808.4,39809.4,39807.9,39808.4
2024-05-21 18:17:20.000,39807.9,39809.4,39807.9,39809.4
2024-05-21 18:17:30.000,39808.9,39811.4,39808.4,39810.9
2024-05-21 18:17:40.000,39811.4,39814.4,39811.4,39812.4
2024-05-21 18:17:50.000,39812.9,39813.4,39812.4,39812.4
2024-05-21 18:18:00.000,39811.9,39811.9,39810.4,39810.4
2024-05-21 18:18:10.000,39810.9,39811.9,39810.9,39811.9
2024-05-21 18:18:20.000,39812.4,39812.9,39812.4,39812.9
2024-05-21 18:18:30.000,39813.9,39815.9,39813.9,39815.9
2024-05-21 18:18:40.000,39815.4,39817.9,39814.9,39817.9
2024-05-21 18:18:50.000,39818.4,39819.4,39817.9,39818.4
2024-05-21 18:19:00.000,39818.9,39821.4,39818.4,39821.4
2024-05-21 18:19:10.000,39821.9,39821.9,39818.9,39819.4
2024-05-21 18:19:20.000,39819.9,39820.9,39819.9,39820.9
2024-05-21 18:19:30.000,39820.4,39821.9,39820.4,39820.9
2024-05-21 18:19:40.000,39820.4,39820.4,39817.4,39817.9
2024-05-21 18:19:50.000,39818.4,39818.9,39817.9,39818.4
2024-05-21 18:20:00.000,39817.9,39818.4,39815.9,39816.9
2024-05-21 18:20:10.000,39816.4,39818.4,39816.4,39818.4
2024-05-21 18:20:20.000,39818.9,39818.9,39817.9,39818.4
2024-05-21 18:20:30.000,39818.9,39819.9,39818.9,39819.4
2024-05-21 18:20:40.000,39818.9,39823.4,39818.4,39823.4
2024-05-21 18:20:50.000,39823.9,39823.9,39821.9,39822.4
2024-05-21 18:21:00.000,39822.9,39822.9,39820.9,39820.9
2024-05-21 18:21:10.000,39822.4,39822.9,39819.9,39819.9
2024-05-21 18:21:20.000,39820.4,39823.4,39819.9,39819.9
2024-05-21 18:21:30.000,39818.9,39818.9,39816.9,39817.9
2024-05-21 18:21:40.000,39817.4,39817.4,39815.4,39815.4
2024-05-21 18:21:50.000,39814.9,39815.9,39813.9,39814.9
2024-05-21 18:22:00.000,39813.9,39815.4,39813.9,39814.4
2024-05-21 18:22:10.000,39813.9,39814.9,39811.9,39813.9
2024-05-21 18:22:20.000,39813.4,39813.9,39812.9,39813.9
2024-05-21 18:22:30.000,39812.9,39813.4,39809.4,39810.9
2024-05-21 18:22:40.000,39810.4,39812.9,39810.4,39812.9
2024-05-21 18:22:50.000,39812.4,39814.4,39812.4,39814.4
2024-05-21 18:23:00.000,39814.9,39814.9,39810.9,39810.9
2024-05-21 18:23:10.000,39811.4,39813.9,39811.4,39812.9
2024-05-21 18:23:20.000,39812.4,39813.4,39811.9,39812.4
2024-05-21 18:23:30.000,39812.9,39814.9,39812.9,39813.9
2024-05-21 18:23:40.000,39813.4,39813.9,39809.9,39809.9
2024-05-21 18:23:50.000,39809.4,39809.4,39807.9,39808.4
2024-05-21 18:24:00.000,39807.9,39808.9,39806.9,39806.9
2024-05-21 18:24:10.000,39805.4,39805.4,39802.9,39804.4
2024-05-21 18:24:20.000,39804.9,39804.9,39801.4,39803.9
2024-05-21 18:24:30.000,39805.4,39805.4,39803.4,39803.9
2024-05-21 18:24:40.000,39804.9,39805.9,39798.9,39799.9
2024-05-21 18:24:50.000,39800.4,39800.9,39799.9,39800.9
2024-05-21 18:25:00.000,39801.4,39805.9,39801.4,39805.9
2024-05-21 18:25:10.000,39805.4,39806.9,39804.9,39806.9
2024-05-21 18:25:20.000,39807.4,39807.4,39805.9,39805.9
2024-05-21 18:25:30.000,39804.9,39807.9,39803.9,39807.9
2024-05-21 18:25:40.000,39808.4,39811.9,39807.9,39811.4
2024-05-21 18:25:50.000,39811.9,39811.9,39809.9,39809.9
2024-05-21 18:26:00.000,39810.9,39811.9,39805.9,39805.9
2024-05-21 18:26:10.000,39806.9,39807.4,39805.9,39805.9
2024-05-21 18:26:20.000,39804.9,39805.9,39803.9,39804.9
2024-05-21 18:26:30.000,39805.9,39806.9,39804.9,39806.4
2024-05-21 18:26:40.000,39805.9,39806.9,39804.9,39805.9
2024-05-21 18:26:50.000,39806.9,39812.4,39805.9,39812.4
2024-05-21 18:27:00.000,39811.9,39811.9,39808.9,39809.9
2024-05-21 18:27:10.000,39810.4,39811.9,39809.9,39811.9
2024-05-21 18:27:20.000,39812.9,39814.4,39811.4,39811.4
2024-05-21 18:27:30.000,39810.9,39814.9,39810.9,39814.9
2024-05-21 18:27:40.000,39814.4,39815.9,39813.9,39814.9
2024-05-21 18:27:50.000,39814.4,39815.9,39813.9,39814.9
2024-05-21 18:28:00.000,39814.4,39815.4,39812.4,39812.4
2024-05-21 18:28:10.000,39811.9,39813.4,39810.9,39811.9
2024-05-21 18:28:20.000,39812.4,39812.9,39810.9,39811.9
2024-05-21 18:28:30.000,39811.4,39815.4,39811.4,39813.9
2024-05-21 18:28:40.000,39814.4,39817.4,39812.9,39816.9
2024-05-21 18:28:50.000,39817.9,39818.9,39816.9,39818.4
2024-05-21 18:29:00.000,39818.9,39819.9,39816.9,39818.4
2024-05-21 18:29:10.000,39817.9,39818.9,39815.9,39816.4
2024-05-21 18:29:20.000,39816.9,39817.4,39815.9,39816.4
2024-05-21 18:29:30.000,39815.9,39816.9,39813.9,39813.9
2024-05-21 18:29:40.000,39814.9,39816.4,39813.9,39816.4
2024-05-21 18:29:50.000,39816.9,39816.9,39815.9,39816.4
2024-05-21 18:30:00.000,39816.9,39819.9,39816.4,39816.4
2024-05-21 18:30:10.000,39815.9,39817.4,39812.9,39813.9
2024-05-21 18:30:20.000,39812.9,39818.9,39812.9,39818.9
2024-05-21 18:30:30.000,39819.9,39822.4,39819.9,39821.9
2024-05-21 18:30:40.000,39822.4,39822.4,39817.9,39819.9
2024-05-21 18:30:50.000,39818.9,39820.9,39817.9,39820.4
2024-05-21 18:31:00.000,39819.9,39820.4,39816.9,39816.9
2024-05-21 18:31:10.000,39815.9,39817.9,39814.9,39817.4
2024-05-21 18:31:20.000,39816.9,39816.9,39814.9,39814.9
2024-05-21 18:31:30.000,39815.4,39817.9,39814.9,39816.9
2024-05-21 18:31:40.000,39816.4,39816.9,39814.9,39815.9
2024-05-21 18:31:50.000,39816.4,39816.4,39814.9,39814.9
2024-05-21 18:32:00.000,39813.9,39816.9,39813.9,39815.9
2024-05-21 18:32:10.000,39816.9,39818.4,39816.4,39817.9
2024-05-21 18:32:20.000,39817.4,39819.9,39816.9,39818.9
2024-05-21 18:32:30.000,39817.9,39817.9,39814.9,39814.9
2024-05-21 18:32:40.000,39813.9,39813.9,39811.4,39811.9
2024-05-21 18:32:50.000,39811.4,39811.9,39809.4,39810.4
2024-05-21 18:33:00.000,39809.9,39810.4,39807.9,39808.4
2024-05-21 18:33:10.000,39807.9,39808.9,39806.9,39807.9
2024-05-21 18:33:20.000,39808.4,39811.9,39808.4,39811.9
2024-05-21 18:33:30.000,39811.4,39811.9,39809.9,39809.9
2024-05-21 18:33:40.000,39809.4,39809.9,39807.9,39807.9
2024-05-21 18:33:50.000,39808.9,39810.9,39808.9,39809.9
2024-05-21 18:34:00.000,39809.4,39809.9,39806.9,39808.4
2024-05-21 18:34:10.000,39808.9,39811.9,39807.9,39811.9
2024-05-21 18:34:20.000,39812.4,39813.4,39810.4,39810.4
2024-05-21 18:34:30.000,39809.9,39811.9,39809.9,39810.9
2024-05-21 18:34:40.000,39810.4,39810.4,39807.9,39807.9
2024-05-21 18:34:50.000,39807.4,39807.4,39806.9,39806.9
2024-05-21 18:35:00.000,39808.4,39810.9,39807.4,39810.9
2024-05-21 18:35:10.000,39811.9,39811.9,39810.4,39811.4
2024-05-21 18:35:20.000,39811.9,39811.9,39809.9,39809.9
2024-05-21 18:35:30.000,39808.9,39809.9,39808.4,39808.9
2024-05-21 18:35:40.000,39809.9,39809.9,39809.4,39809.9
2024-05-21 18:35:50.000,39810.9,39812.9,39810.9,39812.9
2024-05-21 18:36:00.000,39811.9,39814.4,39811.9,39814.4
2024-05-21 18:36:10.000,39814.9,39815.9,39813.9,39815.4
2024-05-21 18:36:20.000,39814.9,39814.9,39812.9,39812.9
2024-05-21 18:36:30.000,39812.4,39812.4,39810.9,39811.9
2024-05-21 18:36:40.000,39812.9,39813.9,39809.9,39809.9
2024-05-21 18:36:50.000,39809.4,39809.9,39807.9,39808.9
2024-05-21 18:37:00.000,39808.4,39808.9,39807.9,39807.9
2024-05-21 18:37:10.000,39807.4,39809.9,39806.9,39808.9
2024-05-21 18:37:20.000,39808.4,39812.4,39807.4,39811.9
2024-05-21 18:37:30.000,39811.4,39811.9,39810.9,39811.4
2024-05-21 18:37:40.000,39810.9,39812.9,39809.9,39812.9
2024-05-21 18:37:50.000,39813.4,39813.4,39811.9,39811.9
2024-05-21 18:38:00.000,39812.4,39813.4,39811.9,39811.9
2024-05-21 18:38:10.000,39812.4,39814.9,39811.9,39814.9
2024-05-21 18:38:20.000,39814.4,39818.9,39814.4,39818.4
2024-05-21 18:38:30.000,39817.9,39818.4,39816.9,39817.9
2024-05-21 18:38:40.000,39818.4,39819.4,39817.9,39818.9
2024-05-21 18:38:50.000,39819.4,39819.9,39817.9,39819.4
2024-05-21 18:39:00.000,39819.9,39821.4,39818.9,39821.4
2024-05-21 18:39:10.000,39820.9,39823.9,39820.9,39822.9
2024-05-21 18:39:20.000,39823.4,39825.4,39822.9,39823.4
2024-05-21 18:39:30.000,39823.9,39825.4,39822.9,39823.9
2024-05-21 18:39:40.000,39824.4,39824.9,39821.4,39821.9
2024-05-21 18:39:50.000,39821.4,39822.9,39820.9,39822.9
2024-05-21 18:40:00.000,39821.9,39828.4,39821.9,39827.4
2024-05-21 18:40:10.000,39827.9,39828.9,39825.9,39828.9
2024-05-21 18:40:20.000,39828.4,39828.9,39825.9,39828.4
2024-05-21 18:40:30.000,39828.9,39828.9,39825.9,39825.9
2024-05-21 18:40:40.000,39824.9,39826.9,39822.9,39822.9
2024-05-21 18:40:50.000,39823.4,39823.4,39820.9,39822.9
2024-05-21 18:41:00.000,39822.4,39822.9,39819.4,39819.9
2024-05-21 18:41:10.000,39820.9,39821.9,39819.9,39821.9
2024-05-21 18:41:20.000,39820.9,39821.9,39820.9,39821.4
2024-05-21 18:41:30.000,39821.9,39821.9,39820.4,39820.4
2024-05-21 18:41:40.000,39820.9,39820.9,39818.4,39819.9
2024-05-21 18:41:50.000,39820.4,39822.9,39819.9,39822.9
2024-05-21 18:42:00.000,39823.9,39830.9,39820.9,39829.9
2024-05-21 18:42:10.000,39830.4,39834.9,39830.4,39832.4
2024-05-21 18:42:20.000,39831.9,39832.4,39829.9,39830.4
2024-05-21 18:42:30.000,39830.9,39830.9,39826.9,39827.9
2024-05-21 18:42:40.000,39828.4,39828.9,39825.9,39827.9
2024-05-21 18:42:50.000,39826.9,39828.9,39825.9,39827.9
2024-05-21 18:43:00.000,39827.4,39827.9,39824.9,39825.9
2024-05-21 18:43:10.000,39826.4,39827.9,39825.9,39826.9
2024-05-21 18:43:20.000,39827.4,39827.9,39825.9,39825.9
2024-05-21 18:43:30.000,39826.9,39828.4,39825.9,39828.4
2024-05-21 18:43:40.000,39827.9,39828.4,39825.9,39827.4
2024-05-21 18:43:50.000,39827.9,39827.9,39826.9,39827.9
2024-05-21 18:44:00.000,39827.4,39829.9,39827.4,39829.9
2024-05-21 18:44:10.000,39828.9,39831.4,39828.9,39830.9
2024-05-21 18:44:20.000,39831.9,39832.4,39830.9,39831.9
2024-05-21 18:44:30.000,39832.9,39833.9,39831.4,39831.4
2024-05-21 18:44:40.000,39830.9,39832.9,39830.9,39831.9
2024-05-21 18:44:50.000,39831.4,39832.9,39830.9,39831.4
2024-05-21 18:45:00.000,39830.9,39831.4,39829.4,39829.4
2024-05-21 18:45:10.000,39829.9,39829.9,39825.4,39826.4
2024-05-21 18:45:20.000,39825.9,39829.4,39825.9,39829.4
2024-05-21 18:45:30.000,39829.9,39831.9,39828.9,39831.9
2024-05-21 18:45:40.000,39831.4,39832.9,39830.9,39831.4
2024-05-21 18:45:50.000,39830.9,39833.9,39830.9,39833.9
2024-05-21 18:46:00.000,39834.9,39834.9,39830.9,39830.9
2024-05-21 18:46:10.000,39829.9,39830.9,39828.9,39830.4
2024-05-21 18:46:20.000,39830.9,39834.9,39830.9,39833.9
2024-05-21 18:46:30.000,39832.9,39832.9,39829.9,39829.9
2024-05-21 18:46:40.000,39830.4,39830.4,39826.9,39826.9
2024-05-21 18:46:50.000,39827.4,39829.9,39827.4,39829.4
2024-05-21 18:47:00.000,39829.9,39830.9,39829.9,39830.9
2024-05-21 18:47:10.000,39831.4,39832.9,39831.4,39832.9
2024-05-21 18:47:20.000,39833.4,39833.9,39832.4,39833.9
2024-05-21 18:47:30.000,39834.4,39834.9,39832.9,39832.9
2024-05-21 18:47:40.000,39833.4,39833.4,39829.9,39829.9
2024-05-21 18:47:50.000,39830.4,39830.9,39826.4,39828.9
2024-05-21 18:48:00.000,39828.4,39830.4,39827.4,39828.9
2024-05-21 18:48:10.000,39829.4,39830.9,39827.9,39830.9
2024-05-21 18:48:20.000,39830.4,39831.9,39830.4,39831.4
2024-05-21 18:48:30.000,39830.9,39831.9,39829.4,39829.4
2024-05-21 18:48:40.000,39829.9,39829.9,39828.9,39829.4
2024-05-21 18:48:50.000,39828.9,39828.9,39825.9,39828.4
2024-05-21 18:49:00.000,39828.9,39829.4,39827.9,39828.4
2024-05-21 18:49:10.000,39828.9,39828.9,39826.9,39826.9
2024-05-21 18:49:20.000,39828.4,39828.9,39826.9,39826.9
2024-05-21 18:49:30.000,39827.4,39828.4,39826.9,39827.9
2024-05-21 18:49:40.000,39828.4,39831.9,39827.9,39831.9
2024-05-21 18:49:50.000,39832.4,39832.4,39831.9,39831.9
2024-05-21 18:50:00.000,39832.9,39832.9,39831.9,39832.4
2024-05-21 18:50:10.000,39831.9,39832.4,39830.4,39831.9
2024-05-21 18:50:20.000,39831.4,39832.4,39829.4,39831.4
2024-05-21 18:50:30.000,39830.9,39832.9,39830.9,39832.9
2024-05-21 18:50:40.000,39834.4,39835.9,39833.9,39835.9
2024-05-21 18:50:50.000,39834.9,39835.9,39833.9,39834.9
2024-05-21 18:51:00.000,39835.4,39838.4,39833.9,39837.9
2024-05-21 18:51:10.000,39836.9,39838.4,39836.9,39836.9
2024-05-21 18:51:20.000,39837.9,39838.4,39835.9,39835.9
2024-05-21 18:51:30.000,39836.9,39837.9,39834.9,39834.9
2024-05-21 18:51:40.000,39835.4,39837.9,39835.4,39837.9
2024-05-21 18:51:50.000,39837.4,39837.9,39836.9,39837.4
2024-05-21 18:52:00.000,39836.9,39842.9,39836.9,39842.9
2024-05-21 18:52:10.000,39843.4,39843.9,39842.4,39843.9
2024-05-21 18:52:20.000,39844.4,39844.4,39842.9,39843.9
2024-05-21 18:52:30.000,39844.9,39845.4,39843.9,39844.9
2024-05-21 18:52:40.000,39845.9,39845.9,39842.9,39843.4
2024-05-21 18:52:50.000,39842.9,39843.9,39841.9,39842.4
2024-05-21 18:53:00.000,39841.9,39841.9,39838.9,39838.9
2024-05-21 18:53:10.000,39839.4,39839.4,39838.9,39838.9
2024-05-21 18:53:20.000,39839.4,39840.9,39838.9,39839.9
2024-05-21 18:53:30.000,39839.4,39839.9,39839.4,39839.9
2024-05-21 18:53:40.000,39840.9,39841.4,39839.9,39839.9
2024-05-21 18:53:50.000,39840.4,39840.4,39837.9,39838.9
2024-05-21 18:54:00.000,39838.4,39839.9,39838.4,39839.9
2024-05-21 18:54:10.000,39839.4,39839.9,39838.9,39838.9
2024-05-21 18:54:20.000,39838.4,39841.9,39838.4,39839.9
2024-05-21 18:54:30.000,39839.4,39839.9,39837.9,39837.9
2024-05-21 18:54:40.000,39837.4,39838.4,39836.9,39838.4
2024-05-21 18:54:50.000,39838.9,39839.9,39838.9,39839.4
2024-05-21 18:55:00.000,39839.9,39842.9,39838.9,39840.9
2024-05-21 18:55:10.000,39841.4,39842.4,39839.9,39839.9
2024-05-21 18:55:20.000,39840.9,39845.4,39840.9,39843.9
2024-05-21 18:55:30.000,39843.4,39846.9,39842.9,39845.9
2024-05-21 18:55:40.000,39846.4,39846.9,39844.9,39844.9
2024-05-21 18:55:50.000,39845.9,39847.9,39845.9,39846.9
2024-05-21 18:56:00.000,39847.4,39852.9,39846.4,39851.9
2024-05-21 18:56:10.000,39850.9,39850.9,39846.9,39847.9
2024-05-21 18:56:20.000,39848.9,39849.4,39845.4,39846.9
2024-05-21 18:56:30.000,39847.4,39849.9,39846.9,39848.9
2024-05-21 18:56:40.000,39849.9,39849.9,39848.4,39849.4
2024-05-21 18:56:50.000,39848.9,39849.9,39846.9,39847.9
2024-05-21 18:57:00.000,39846.9,39847.9,39846.4,39846.4
2024-05-21 18:57:10.000,39845.9,39847.4,39845.9,39845.9
2024-05-21 18:57:20.000,39846.4,39846.9,39844.9,39844.9
2024-05-21 18:57:30.000,39843.4,39843.9,39842.9,39843.4
2024-05-21 18:57:40.000,39842.9,39844.9,39842.4,39844.4
2024-05-21 18:57:50.000,39844.9,39846.9,39843.9,39846.9
2024-05-21 18:58:00.000,39847.4,39852.9,39847.4,39852.9
2024-05-21 18:58:10.000,39852.4,39853.4,39851.9,39852.9
2024-05-21 18:58:20.000,39851.9,39853.9,39847.9,39848.4
2024-05-21 18:58:30.000,39848.9,39849.4,39847.9,39847.9
2024-05-21 18:58:40.000,39846.9,39847.9,39846.4,39847.4
2024-05-21 18:58:50.000,39847.9,39849.9,39846.9,39849.9
2024-05-21 18:59:00.000,39848.9,39851.9,39847.9,39851.4
2024-05-21 18:59:10.000,39851.9,39852.9,39851.4,39851.9
2024-05-21 18:59:20.000,39851.4,39853.4,39850.9,39852.9
2024-05-21 18:59:30.000,39852.4,39852.9,39849.9,39850.9
2024-05-21 18:59:40.000,39850.4,39850.9,39850.4,39850.4
2024-05-21 18:59:50.000,39850.9,39852.9,39850.9,39852.9
2024-05-21 19:00:00.000,39853.9,39853.9,39848.4,39848.9
2024-05-21 19:00:10.000,39849.9,39852.9,39849.9,39852.9
2024-05-21 19:00:20.000,39851.9,39852.4,39847.9,39848.9
2024-05-21 19:00:30.000,39849.9,39849.9,39846.9,39847.9
2024-05-21 19:00:40.000,39847.4,39847.4,39844.4,39844.9
2024-05-21 19:00:50.000,39845.4,39845.4,39841.4,39841.9
2024-05-21 19:01:00.000,39840.9,39840.9,39839.4,39839.4
2024-05-21 19:01:10.000,39839.9,39842.4,39839.4,39841.9
2024-05-21 19:01:20.000,39841.4,39841.9,39839.9,39839.9
2024-05-21 19:01:30.000,39840.9,39843.9,39840.4,39843.9
2024-05-21 19:01:40.000,39843.4,39843.4,39838.9,39839.9
2024-05-21 19:01:50.000,39838.9,39839.9,39837.9,39839.4
2024-05-21 19:02:00.000,39838.9,39839.9,39837.9,39839.4
2024-05-21 19:02:10.000,39839.9,39843.4,39838.9,39841.9
2024-05-21 19:02:20.000,39841.4,39841.9,39840.4,39840.4
2024-05-21 19:02:30.000,39839.9,39841.9,39839.9,39840.9
2024-05-21 19:02:40.000,39840.4,39840.4,39837.4,39837.9
2024-05-21 19:02:50.000,39837.4,39837.9,39833.9,39833.9
2024-05-21 19:03:00.000,39834.9,39834.9,39833.9,39834.4
2024-05-21 19:03:10.000,39833.9,39834.4,39831.9,39832.9
2024-05-21 19:03:20.000,39832.4,39832.4,39829.9,39830.9
2024-05-21 19:03:30.000,39830.4,39830.4,39827.9,39827.9
2024-05-21 19:03:40.000,39826.9,39828.9,39825.9,39828.9
2024-05-21 19:03:50.000,39829.4,39830.4,39828.4,39829.9
2024-05-21 19:04:00.000,39830.4,39830.9,39828.9,39830.9
2024-05-21 19:04:10.000,39829.9,39829.9,39827.9,39827.9
2024-05-21 19:04:20.000,39828.9,39829.4,39825.9,39826.9
2024-05-21 19:04:30.000,39826.4,39826.9,39821.9,39822.4
2024-05-21 19:04:40.000,39821.9,39825.9,39819.9,39821.9
2024-05-21 19:04:50.000,39821.4,39824.9,39821.4,39824.4
2024-05-21 19:05:00.000,39823.9,39827.9,39823.9,39827.4
2024-05-21 19:05:10.000,39826.9,39827.4,39825.4,39826.9
2024-05-21 19:05:20.000,39826.4,39828.4,39825.9,39828.4
2024-05-21 19:05:30.000,39828.9,39828.9,39826.9,39827.4
2024-05-21 19:05:40.000,39827.9,39829.9,39826.9,39829.9
2024-05-21 19:05:50.000,39828.4,39830.4,39827.9,39829.9
2024-05-21 19:06:00.000,39828.9,39830.9,39827.9,39829.9
2024-05-21 19:06:10.000,39829.4,39830.9,39828.4,39828.9
2024-05-21 19:06:20.000,39829.9,39830.9,39828.9,39830.9
2024-05-21 19:06:30.000,39830.4,39830.9,39829.9,39829.9
2024-05-21 19:06:40.000,39830.4,39830.9,39828.9,39829.4
2024-05-21 19:06:50.000,39829.9,39831.9,39829.9,39831.9
2024-05-21 19:07:00.000,39832.4,39832.9,39831.9,39831.9
2024-05-21 19:07:10.000,39831.4,39835.4,39831.4,39835.4
2024-05-21 19:07:20.000,39835.9,39839.4,39835.9,39838.4
2024-05-21 19:07:30.000,39838.9,39838.9,39836.9,39836.9
2024-05-21 19:07:40.000,39837.9,39838.4,39836.9,39837.4
2024-05-21 19:07:50.000,39836.9,39838.4,39836.9,39836.9
2024-05-21 19:08:00.000,39837.4,39840.9,39836.9,39840.4
2024-05-21 19:08:10.000,39840.9,39841.4,39840.9,39841.4
2024-05-21 19:08:20.000,39841.9,39844.4,39841.9,39844.4
2024-05-21 19:08:30.000,39843.9,39846.4,39843.9,39845.9
2024-05-21 19:08:40.000,39846.4,39847.9,39845.9,39847.4
2024-05-21 19:08:50.000,39847.9,39847.9,39845.9,39846.4
2024-05-21 19:09:00.000,39846.9,39846.9,39842.9,39842.9
2024-05-21 19:09:10.000,39843.4,39845.9,39842.9,39844.9
2024-05-21 19:09:20.000,39844.4,39846.9,39843.9,39846.4
2024-05-21 19:09:30.000,39845.9,39846.4,39845.4,39845.9
2024-05-21 19:09:40.000,39845.4,39845.9,39844.4,39844.9
2024-05-21 19:09:50.000,39845.4,39845.9,39844.9,39845.4
2024-05-21 19:10:00.000,39844.9,39845.4,39843.9,39844.9
2024-05-21 19:10:10.000,39844.4,39845.9,39844.4,39845.4
2024-05-21 19:10:20.000,39845.9,39848.9,39845.9,39847.9
2024-05-21 19:10:30.000,39849.4,39850.9,39848.9,39849.9
2024-05-21 19:10:40.000,39849.4,39851.9,39849.4,39851.4
2024-05-21 19:10:50.000,39851.9,39852.4,39850.9,39851.9
2024-05-21 19:11:00.000,39852.4,39852.4,39848.9,39848.9
2024-05-21 19:11:10.000,39848.4,39848.4,39844.9,39845.4
2024-05-21 19:11:20.000,39844.9,39846.4,39844.4,39845.9
2024-05-21 19:11:30.000,39846.4,39847.4,39845.9,39846.9
2024-05-21 19:11:40.000,39846.4,39846.9,39843.9,39843.9
2024-05-21 19:11:50.000,39843.4,39844.4,39842.9,39843.9
2024-05-21 19:12:00.000,39844.4,39845.9,39843.9,39844.9
2024-05-21 19:12:10.000,39844.4,39845.9,39843.9,39844.4
2024-05-21 19:12:20.000,39844.9,39845.4,39842.9,39842.9
2024-05-21 19:12:30.000,39841.9,39842.9,39838.9,39838.9
2024-05-21 19:12:40.000,39839.4,39840.9,39838.4,39838.4
2024-05-21 19:12:50.000,39838.9,39838.9,39837.4,39837.9
2024-05-21 19:13:00.000,39837.4,39837.9,39835.9,39835.9
2024-05-21 19:13:10.000,39836.9,39837.4,39834.9,39835.9
2024-05-21 19:13:20.000,39835.4,39835.9,39827.4,39828.9
2024-05-21 19:13:30.000,39829.9,39832.4,39829.4,39831.9
2024-05-21 19:13:40.000,39832.4,39835.4,39831.9,39833.9
2024-05-21 19:13:50.000,39834.4,39834.4,39831.9,39832.9
2024-05-21 19:14:00.000,39832.4,39833.9,39831.9,39831.9
2024-05-21 19:14:10.000,39832.4,39833.9,39832.4,39833.4
2024-05-21 19:14:20.000,39833.9,39837.4,39833.4,39834.9
2024-05-21 19:14:30.000,39832.9,39834.9,39832.4,39833.9
2024-05-21 19:14:40.000,39834.4,39835.4,39833.9,39835.4
2024-05-21 19:14:50.000,39834.9,39836.9,39834.9,39836.9
2024-05-21 19:15:00.000,39837.9,39839.9,39835.4,39839.4
2024-05-21 19:15:10.000,39838.9,39840.9,39838.4,39840.4
2024-05-21 19:15:20.000,39839.9,39839.9,39838.4,39839.4
2024-05-21 19:15:30.000,39838.9,39840.9,39838.9,39840.9
2024-05-21 19:15:40.000,39839.9,39841.9,39838.9,39840.9
2024-05-21 19:15:50.000,39840.4,39841.4,39839.9,39840.9
2024-05-21 19:16:00.000,39841.4,39843.9,39840.9,39843.9
2024-05-21 19:16:10.000,39843.4,39845.9,39841.9,39841.9
2024-05-21 19:16:20.000,39841.4,39841.9,39837.9,39837.9
2024-05-21 19:16:30.000,39838.9,39838.9,39837.9,39837.9
2024-05-21 19:16:40.000,39838.4,39838.9,39838.4,39838.9
2024-05-21 19:16:50.000,39838.4,39838.9,39836.9,39838.9
2024-05-21 19:17:00.000,39837.9,39838.4,39836.9,39838.4
2024-05-21 19:17:10.000,39837.4,39842.4,39837.4,39841.9
2024-05-21 19:17:20.000,39841.4,39842.9,39840.9,39840.9
2024-05-21 19:17:30.000,39839.9,39842.9,39838.9,39842.4
2024-05-21 19:17:40.000,39841.9,39842.4,39838.9,39838.9
2024-05-21 19:17:50.000,39839.9,39842.9,39839.9,39842.4
2024-05-21 19:18:00.000,39842.9,39843.4,39841.4,39841.9
2024-05-21 19:18:10.000,39842.4,39843.4,39839.9,39840.4
2024-05-21 19:18:20.000,39840.9,39841.4,39840.4,39840.9
2024-05-21 19:18:30.000,39841.4,39844.9,39839.9,39844.9
2024-05-21 19:18:40.000,39845.4,39845.9,39843.9,39845.9
2024-05-21 19:18:50.000,39845.4,39845.9,39843.9,39843.9
2024-05-21 19:19:00.000,39844.4,39844.9,39840.9,39840.9
2024-05-21 19:19:10.000,39840.4,39840.4,39839.9,39839.9
2024-05-21 19:19:20.000,39840.4,39840.9,39839.9,39839.9
2024-05-21 19:19:30.000,39839.4,39839.9,39838.9,39839.4
2024-05-21 19:19:40.000,39839.9,39839.9,39837.9,39837.9
2024-05-21 19:19:50.000,39838.4,39838.4,39836.4,39836.9
2024-05-21 19:20:00.000,39836.8,39841.8,39836.8,39841.8
2024-05-21 19:20:10.000,39840.8,39843.3,39840.3,39843.3
2024-05-21 19:20:20.000,39842.8,39843.8,39842.8,39842.8
2024-05-21 19:20:30.000,39843.3,39843.3,39841.8,39841.8
2024-05-21 19:20:40.000,39840.3,39840.3,39837.8,39838.8
2024-05-21 19:20:50.000,39837.8,39838.8,39837.8,39837.8
2024-05-21 19:21:00.000,39838.8,39839.8,39837.3,39838.8
2024-05-21 19:21:10.000,39839.3,39839.8,39837.8,39839.3
2024-05-21 19:21:20.000,39838.8,39839.8,39838.8,39839.8
2024-05-21 19:21:30.000,39840.8,39840.8,39838.8,39838.8
2024-05-21 19:21:40.000,39839.8,39842.8,39839.8,39842.8
2024-05-21 19:21:50.000,39841.8,39843.3,39840.8,39842.8
2024-05-21 19:22:00.000,39842.3,39842.8,39837.8,39838.3
2024-05-21 19:22:10.000,39837.8,39839.3,39836.8,39838.8
2024-05-21 19:22:20.000,39837.8,39840.3,39837.3,39839.8
2024-05-21 19:22:30.000,39840.3,39841.8,39839.8,39841.8
2024-05-21 19:22:40.000,39841.3,39841.3,39838.8,39840.3
2024-05-21 19:22:50.000,39839.8,39840.8,39839.3,39839.3
2024-05-21 19:23:00.000,39838.8,39841.8,39837.8,39840.8
2024-05-21 19:23:10.000,39839.8,39840.3,39839.3,39839.8
2024-05-21 19:23:20.000,39839.3,39839.8,39836.8,39837.8
2024-05-21 19:23:30.000,39838.8,39839.8,39838.3,39839.3
2024-05-21 19:23:40.000,39839.8,39840.8,39838.8,39840.3
2024-05-21 19:23:50.000,39840.8,39840.8,39838.3,39838.3
2024-05-21 19:24:00.000,39837.8,39837.8,39834.8,39835.8
2024-05-21 19:24:10.000,39836.3,39837.8,39833.8,39833.8
2024-05-21 19:24:20.000,39833.3,39834.8,39832.8,39833.8
2024-05-21 19:24:30.000,39834.3,39836.3,39833.8,39836.3
2024-05-21 19:24:40.000,39836.8,39837.3,39835.8,39836.3
2024-05-21 19:24:50.000,39835.8,39837.8,39835.8,39837.8
2024-05-21 19:25:00.000,39838.3,39838.8,39837.8,39838.8
2024-05-21 19:25:10.000,39839.3,39839.3,39837.8,39838.8
2024-05-21 19:25:20.000,39839.8,39841.8,39839.8,39839.8
2024-05-21 19:25:30.000,39839.3,39841.8,39838.8,39840.8
2024-05-21 19:25:40.000,39839.8,39840.8,39838.3,39840.8
2024-05-21 19:25:50.000,39840.3,39840.8,39839.8,39840.8
2024-05-21 19:26:00.000,39839.8,39840.8,39839.3,39839.8
2024-05-21 19:26:10.000,39839.3,39839.8,39836.3,39838.8
2024-05-21 19:26:20.000,39838.3,39839.8,39836.8,39837.8
2024-05-21 19:26:30.000,39836.8,39838.8,39836.8,39838.8
2024-05-21 19:26:40.000,39839.8,39841.8,39839.8,39840.8
2024-05-21 19:26:50.000,39841.3,39841.8,39840.8,39840.8
2024-05-21 19:27:00.000,39841.8,39842.8,39840.8,39841.3
2024-05-21 19:27:10.000,39840.8,39842.8,39840.8,39840.8
2024-05-21 19:27:20.000,39841.3,39843.8,39840.8,39843.8
2024-05-21 19:27:30.000,39844.3,39846.8,39843.8,39845.8
2024-05-21 19:27:40.000,39846.3,39847.8,39845.8,39845.8
2024-05-21 19:27:50.000,39846.3,39846.8,39844.8,39844.8
2024-05-21 19:28:00.000,39844.3,39844.3,39842.3,39843.8
2024-05-21 19:28:10.000,39843.3,39843.8,39842.8,39843.3
2024-05-21 19:28:20.000,39843.8,39843.8,39841.3,39841.8
2024-05-21 19:28:30.000,39841.3,39842.8,39839.8,39841.8
2024-05-21 19:28:40.000,39842.3,39842.8,39840.8,39841.8
2024-05-21 19:28:50.000,39840.8,39843.8,39840.8,39843.3
2024-05-21 19:29:00.000,39843.8,39843.8,39840.8,39841.3
2024-05-21 19:29:10.000,39840.8,39843.3,39840.8,39842.3
2024-05-21 19:29:20.000,39841.8,39844.8,39841.8,39843.3
2024-05-21 19:29:30.000,39843.8,39844.8,39842.8,39843.3
2024-05-21 19:29:40.000,39842.8,39843.8,39841.8,39842.3
2024-05-21 19:29:50.000,39842.8,39844.3,39842.8,39843.8
2024-05-21 19:30:00.000,39843.3,39844.3,39841.8,39842.3
2024-05-21 19:30:10.000,39842.8,39845.8,39842.8,39845.8
2024-05-21 19:30:20.000,39846.8,39848.3,39846.3,39847.3
2024-05-21 19:30:30.000,39847.8,39847.8,39845.8,39845.8
2024-05-21 19:30:40.000,39846.3,39847.8,39846.3,39846.8
2024-05-21 19:30:50.000,39847.3,39850.8,39847.3,39850.3
2024-05-21 19:31:00.000,39849.8,39852.8,39849.8,39850.3
2024-05-21 19:31:10.000,39850.8,39852.8,39850.3,39852.8
2024-05-21 19:31:20.000,39853.3,39854.8,39852.8,39854.3
2024-05-21 19:31:30.000,39854.8,39854.8,39852.8,39853.8
2024-05-21 19:31:40.000,39853.3,39855.8,39853.3,39855.8
2024-05-21 19:31:50.000,39856.3,39859.8,39856.3,39859.8
2024-05-21 19:32:00.000,39859.3,39859.8,39856.3,39857.8
2024-05-21 19:32:10.000,39859.3,39860.8,39858.8,39859.8
2024-05-21 19:32:20.000,39860.3,39862.8,39859.8,39862.8
2024-05-21 19:32:30.000,39860.8,39861.8,39858.8,39860.8
2024-05-21 19:32:40.000,39862.3,39862.3,39858.3,39858.8
2024-05-21 19:32:50.000,39858.3,39859.8,39857.8,39858.3
2024-05-21 19:33:00.000,39857.8,39858.8,39856.8,39857.8
2024-05-21 19:33:10.000,39857.3,39857.3,39854.8,39854.8
2024-05-21 19:33:20.000,39853.8,39854.8,39853.8,39853.8
2024-05-21 19:33:30.000,39854.3,39854.3,39853.8,39853.8
2024-05-21 19:33:40.000,39854.3,39856.3,39854.3,39854.8
2024-05-21 19:33:50.000,39853.8,39859.8,39853.8,39858.8
2024-05-21 19:34:00.000,39859.3,39859.3,39856.8,39857.8
2024-05-21 19:34:10.000,39858.3,39858.3,39857.8,39858.3
2024-05-21 19:34:20.000,39857.8,39861.3,39857.3,39861.3
2024-05-21 19:34:30.000,39860.8,39860.8,39857.8,39858.8
2024-05-21 19:34:40.000,39859.3,39860.3,39857.8,39858.8
2024-05-21 19:34:50.000,39857.8,39857.8,39853.8,39854.3
2024-05-21 19:35:00.000,39853.8,39855.8,39852.8,39852.8
2024-05-21 19:35:10.000,39853.8,39854.3,39851.8,39851.8
2024-05-21 19:35:20.000,39852.3,39855.8,39852.3,39854.3
2024-05-21 19:35:30.000,39853.8,39854.8,39851.8,39852.8
2024-05-21 19:35:40.000,39852.3,39853.8,39851.8,39851.8
2024-05-21 19:35:50.000,39852.3,39852.3,39850.3,39851.3
2024-05-21 19:36:00.000,39850.8,39852.3,39849.8,39851.8
2024-05-21 19:36:10.000,39850.8,39853.3,39850.8,39852.8
2024-05-21 19:36:20.000,39852.3,39852.3,39846.8,39849.8
2024-05-21 19:36:30.000,39850.3,39850.8,39849.8,39850.8
2024-05-21 19:36:40.000,39851.3,39853.8,39850.8,39851.8
2024-05-21 19:36:50.000,39850.8,39851.8,39850.8,39850.8
2024-05-21 19:37:00.000,39849.8,39849.8,39845.8,39847.3
2024-05-21 19:37:10.000,39847.8,39847.8,39845.8,39845.8
2024-05-21 19:37:20.000,39845.3,39845.3,39841.8,39843.8
2024-05-21 19:37:30.000,39843.3,39843.8,39841.3,39842.8
2024-05-21 19:37:40.000,39843.8,39843.8,39843.3,39843.3
2024-05-21 19:37:50.000,39843.8,39846.3,39843.3,39843.8
2024-05-21 19:38:00.000,39844.3,39844.8,39843.8,39844.8
2024-05-21 19:38:10.000,39843.8,39843.8,39838.8,39838.8
2024-05-21 19:38:20.000,39837.8,39838.3,39834.8,39834.8
2024-05-21 19:38:30.000,39835.3,39835.8,39833.8,39834.8
2024-05-21 19:38:40.000,39834.3,39837.8,39834.3,39836.3
2024-05-21 19:38:50.000,39835.8,39835.8,39834.3,39835.8
2024-05-21 19:39:00.000,39835.3,39837.8,39834.3,39835.3
2024-05-21 19:39:10.000,39834.8,39835.8,39834.8,39835.3
2024-05-21 19:39:20.000,39834.8,39835.8,39833.8,39834.8
2024-05-21 19:39:30.000,39833.8,39833.8,39832.8,39832.8
2024-05-21 19:39:40.000,39833.3,39833.3,39830.8,39832.3
2024-05-21 19:39:50.000,39831.8,39831.8,39826.8,39827.8
2024-05-21 19:40:00.000,39827.3,39828.8,39825.8,39826.8
2024-05-21 19:40:10.000,39826.3,39827.8,39826.3,39827.3
2024-05-21 19:40:20.000,39826.8,39827.8,39825.8,39827.8
2024-05-21 19:40:30.000,39827.3,39828.8,39825.8,39825.8
2024-05-21 19:40:40.000,39826.8,39829.8,39826.8,39829.8
2024-05-21 19:40:50.000,39830.3,39830.8,39829.8,39830.8
2024-05-21 19:41:00.000,39830.3,39830.8,39826.8,39827.8
2024-05-21 19:41:10.000,39828.8,39829.3,39825.8,39827.8
2024-05-21 19:41:20.000,39828.3,39830.8,39828.3,39830.8
2024-05-21 19:41:30.000,39829.8,39829.8,39828.8,39828.8
2024-05-21 19:41:40.000,39829.8,39830.3,39828.8,39829.8
2024-05-21 19:41:50.000,39830.3,39830.8,39828.8,39829.8
2024-05-21 19:42:00.000,39830.3,39830.3,39828.8,39829.8
2024-05-21 19:42:10.000,39829.3,39830.3,39828.8,39830.3
2024-05-21 19:42:20.000,39829.8,39830.8,39828.3,39830.8
2024-05-21 19:42:30.000,39831.8,39831.8,39831.8,39831.8
2024-05-21 19:42:40.000,39830.3,39833.3,39830.3,39833.3
2024-05-21 19:42:50.000,39832.8,39833.8,39825.8,39826.3
2024-05-21 19:43:00.000,39825.8,39826.8,39821.8,39822.3
2024-05-21 19:43:10.000,39821.8,39823.3,39818.3,39818.8
2024-05-21 19:43:20.000,39819.3,39820.3,39817.8,39818.8
2024-05-21 19:43:30.000,39819.3,39820.3,39817.8,39818.8
2024-05-21 19:43:40.000,39819.3,39819.8,39816.8,39817.8
2024-05-21 19:43:50.000,39816.3,39821.8,39816.3,39821.8
2024-05-21 19:44:00.000,39821.3,39823.8,39821.3,39823.8
2024-05-21 19:44:10.000,39824.8,39824.8,39820.8,39823.3
2024-05-21 19:44:20.000,39823.8,39825.8,39823.8,39824.8
2024-05-21 19:44:30.000,39823.8,39823.8,39822.8,39822.8
2024-05-21 19:44:40.000,39822.3,39823.8,39821.3,39821.8
2024-05-21 19:44:50.000,39822.3,39824.3,39822.3,39824.3
2024-05-21 19:45:00.000,39823.8,39823.8,39820.8,39822.3
2024-05-21 19:45:10.000,39822.8,39830.8,39822.3,39830.8
2024-05-21 19:45:20.000,39829.8,39830.8,39829.3,39830.3
2024-05-21 19:45:30.000,39830.8,39830.8,39829.3,39829.8
2024-05-21 19:45:40.000,39830.3,39830.8,39828.8,39828.8
2024-05-21 19:45:50.000,39829.3,39830.3,39828.8,39829.8
2024-05-21 19:46:00.000,39830.3,39830.8,39827.8,39827.8
2024-05-21 19:46:10.000,39825.8,39829.8,39825.8,39828.3
2024-05-21 19:46:20.000,39828.8,39831.8,39828.8,39830.8
2024-05-21 19:46:30.000,39831.3,39832.3,39827.8,39830.8
2024-05-21 19:46:40.000,39831.3,39831.3,39829.8,39829.8
2024-05-21 19:46:50.000,39830.3,39831.3,39828.8,39829.8
2024-05-21 19:47:00.000,39829.3,39829.3,39826.8,39827.3
2024-05-21 19:47:10.000,39826.8,39826.8,39824.8,39826.3
2024-05-21 19:47:20.000,39826.8,39826.8,39825.8,39826.3
2024-05-21 19:47:30.000,39825.8,39828.8,39825.8,39827.8
2024-05-21 19:47:40.000,39828.8,39829.3,39825.8,39829.3
2024-05-21 19:47:50.000,39829.8,39830.8,39828.8,39828.8
2024-05-21 19:48:00.000,39829.3,39832.8,39829.3,39830.8
2024-05-21 19:48:10.000,39831.3,39833.3,39831.3,39832.3
2024-05-21 19:48:20.000,39832.8,39833.8,39830.8,39833.3
2024-05-21 19:48:30.000,39832.8,39833.8,39831.8,39831.8
2024-05-21 19:48:40.000,39832.8,39833.8,39831.8,39832.8
2024-05-21 19:48:50.000,39831.8,39832.3,39831.8,39831.8
2024-05-21 19:49:00.000,39831.3,39833.3,39830.8,39832.8
2024-05-21 19:49:10.000,39833.3,39833.8,39832.8,39832.8
2024-05-21 19:49:20.000,39833.3,39833.3,39832.8,39833.3
2024-05-21 19:49:30.000,39832.8,39833.8,39832.8,39832.8
2024-05-21 19:49:40.000,39833.3,39836.8,39832.8,39835.8
2024-05-21 19:49:50.000,39835.3,39837.8,39835.3,39835.8
2024-05-21 19:50:00.000,39834.8,39836.8,39834.8,39836.8
2024-05-21 19:50:10.000,39836.3,39836.3,39833.3,39833.3
2024-05-21 19:50:20.000,39832.8,39834.8,39830.8,39830.8
2024-05-21 19:50:30.000,39830.3,39831.8,39829.8,39831.8
2024-05-21 19:50:40.000,39831.3,39831.8,39828.8,39829.3
2024-05-21 19:50:50.000,39828.8,39829.3,39826.8,39826.8
2024-05-21 19:51:00.000,39826.3,39828.8,39826.3,39826.8
2024-05-21 19:51:10.000,39828.8,39832.3,39828.8,39832.3
2024-05-21 19:51:20.000,39831.8,39832.8,39828.8,39829.8
2024-05-21 19:51:30.000,39830.8,39831.8,39830.3,39830.3
2024-05-21 19:51:40.000,39829.8,39829.8,39827.8,39827.8
2024-05-21 19:51:50.000,39827.3,39830.8,39827.3,39830.8
2024-05-21 19:52:00.000,39830.3,39831.8,39829.8,39830.8
2024-05-21 19:52:10.000,39831.3,39832.8,39829.8,39832.8
2024-05-21 19:52:20.000,39832.3,39834.8,39832.3,39833.8
2024-05-21 19:52:30.000,39834.3,39834.3,39831.8,39831.8
2024-05-21 19:52:40.000,39831.3,39831.8,39830.3,39830.8
2024-05-21 19:52:50.000,39830.3,39831.3,39829.8,39830.8
2024-05-21 19:53:00.000,39830.3,39830.8,39826.3,39827.3
2024-05-21 19:53:10.000,39826.8,39828.8,39824.8,39828.8
2024-05-21 19:53:20.000,39828.3,39829.3,39827.8,39827.8
2024-05-21 19:53:30.000,39828.8,39828.8,39828.8,39828.8
2024-05-21 19:53:40.000,39827.8,39827.8,39825.8,39825.8
2024-05-21 19:53:50.000,39826.3,39827.8,39826.3,39827.3
2024-05-21 19:54:00.000,39827.8,39829.8,39827.8,39828.8
2024-05-21 19:54:10.000,39829.3,39830.8,39829.3,39830.8
2024-05-21 19:54:20.000,39829.8,39830.3,39829.3,39829.8
2024-05-21 19:54:30.000,39829.3,39830.3,39829.3,39829.8
2024-05-21 19:54:40.000,39830.3,39830.8,39828.8,39828.8
2024-05-21 19:54:50.000,39829.3,39829.8,39828.3,39829.3
2024-05-21 19:55:00.000,39829.8,39830.8,39829.3,39829.3
2024-05-21 19:55:10.000,39829.8,39831.8,39829.3,39830.8
2024-05-21 19:55:20.000,39831.3,39835.3,39830.8,39834.3
2024-05-21 19:55:30.000,39834.8,39835.8,39833.8,39833.8
2024-05-21 19:55:40.000,39834.8,39834.8,39832.3,39832.8
2024-05-21 19:55:50.000,39833.3,39833.3,39832.3,39832.3
2024-05-21 19:56:00.000,39832.8,39834.8,39832.8,39833.8
2024-05-21 19:56:10.000,39834.3,39835.8,39833.8,39835.8
2024-05-21 19:56:20.000,39833.8,39839.3,39833.8,39837.8
2024-05-21 19:56:30.000,39838.3,39838.8,39837.3,39837.8
2024-05-21 19:56:40.000,39838.3,39839.8,39837.8,39838.8
2024-05-21 19:56:50.000,39839.3,39840.3,39838.8,39840.3
2024-05-21 19:57:00.000,39839.8,39839.8,39835.8,39837.3
2024-05-21 19:57:10.000,39837.8,39838.3,39835.8,39835.8
2024-05-21 19:57:20.000,39834.8,39834.8,39833.3,39833.3
2024-05-21 19:57:30.000,39833.8,39834.8,39832.8,39834.8
2024-05-21 19:57:40.000,39834.3,39834.8,39833.8,39834.8
2024-05-21 19:57:50.000,39835.3,39835.8,39835.3,39835.8
2024-05-21 19:58:00.000,39835.3,39835.8,39833.8,39833.8
2024-05-21 19:58:10.000,39834.3,39835.3,39834.3,39834.8
2024-05-21 19:58:20.000,39834.3,39835.3,39833.8,39833.8
2024-05-21 19:58:30.000,39834.3,39835.3,39832.8,39834.8
2024-05-21 19:58:40.000,39834.3,39835.3,39832.8,39833.3
2024-05-21 19:58:50.000,39833.8,39836.8,39832.8,39836.8
2024-05-21 19:59:00.000,39836.3,39836.8,39833.8,39833.8
2024-05-21 19:59:10.000,39833.3,39833.8,39830.8,39830.8
2024-05-21 19:59:20.000,39831.3,39831.3,39829.8,39829.8
2024-05-21 19:59:30.000,39829.3,39830.8,39828.8,39830.8
2024-05-21 19:59:40.000,39831.8,39832.8,39831.3,39831.8
2024-05-21 19:59:50.000,39833.3,39833.8,39832.8,39832.8
2024-05-21 20:00:00.000,39831.8,39833.8,39830.8,39831.8
2024-05-21 20:00:10.000,39832.8,39835.3,39832.8,39834.8
2024-05-21 20:00:20.000,39835.3,39835.8,39832.8,39833.3
2024-05-21 20:00:30.000,39832.8,39832.8,39830.8,39830.8
2024-05-21 20:00:40.000,39831.8,39833.8,39830.3,39832.8
2024-05-21 20:00:50.000,39833.3,39834.8,39832.8,39834.3
2024-05-21 20:01:00.000,39834.8,39834.8,39831.8,39831.8
2024-05-21 20:01:10.000,39830.8,39831.8,39829.3,39829.8
2024-05-21 20:01:20.000,39830.3,39831.8,39828.8,39828.8
2024-05-21 20:01:30.000,39828.3,39830.3,39828.3,39828.8
2024-05-21 20:01:40.000,39829.8,39831.3,39829.3,39830.8
2024-05-21 20:01:50.000,39830.3,39831.3,39830.3,39830.8
2024-05-21 20:02:00.000,39831.3,39832.8,39829.8,39832.3
2024-05-21 20:02:10.000,39831.8,39831.8,39831.8,39831.8
2024-05-21 20:02:20.000,39831.3,39832.8,39831.3,39831.8
2024-05-21 20:02:30.000,39830.8,39830.8,39829.8,39830.8
2024-05-21 20:02:40.000,39829.8,39830.8,39828.8,39830.8
2024-05-21 20:02:50.000,39831.8,39832.8,39829.8,39830.8
2024-05-21 20:03:00.000,39831.3,39831.8,39829.8,39829.8
2024-05-21 20:03:10.000,39830.8,39831.3,39829.8,39830.8
2024-05-21 20:03:20.000,39830.3,39830.8,39829.8,39830.8
2024-05-21 20:03:30.000,39831.3,39831.8,39830.8,39830.8
2024-05-21 20:03:40.000,39831.8,39831.8,39829.8,39830.3
2024-05-21 20:03:50.000,39829.8,39832.8,39829.8,39832.8
2024-05-21 20:04:00.000,39832.3,39833.8,39830.8,39832.8
2024-05-21 20:04:10.000,39831.3,39831.8,39828.3,39828.8
2024-05-21 20:04:20.000,39827.8,39827.8,39825.8,39825.8
2024-05-21 20:04:30.000,39824.3,39824.3,39821.8,39822.3
2024-05-21 20:04:40.000,39821.8,39822.8,39821.8,39822.3
2024-05-21 20:04:50.000,39821.8,39822.8,39821.8,39822.8
2024-05-21 20:05:00.000,39823.8,39823.8,39821.8,39821.8
2024-05-21 20:05:10.000,39822.3,39822.8,39820.8,39821.3
2024-05-21 20:05:20.000,39820.8,39821.3,39816.8,39818.8
2024-05-21 20:05:30.000,39818.3,39820.3,39817.8,39820.3
2024-05-21 20:05:40.000,39819.8,39821.8,39819.8,39821.8
2024-05-21 20:05:50.000,39822.3,39822.8,39820.8,39820.8
2024-05-21 20:06:00.000,39821.3,39821.8,39819.3,39820.3
2024-05-21 20:06:10.000,39820.8,39822.8,39820.3,39822.8
2024-05-21 20:06:20.000,39823.3,39826.3,39823.3,39825.8
2024-05-21 20:06:30.000,39826.3,39826.8,39825.8,39826.8
2024-05-21 20:06:40.000,39827.8,39828.8,39827.8,39828.8
2024-05-21 20:06:50.000,39827.8,39828.3,39827.8,39827.8
2024-05-21 20:07:00.000,39828.3,39828.8,39825.8,39826.3
2024-05-21 20:07:10.000,39825.8,39825.8,39824.8,39824.8
2024-05-21 20:07:20.000,39824.3,39824.3,39822.8,39823.8
2024-05-21 20:07:30.000,39824.3,39826.8,39824.3,39825.8
2024-05-21 20:07:40.000,39826.3,39830.3,39826.3,39830.3
2024-05-21 20:07:50.000,39829.8,39829.8,39827.8,39828.8
2024-05-21 20:08:00.000,39829.3,39829.3,39826.8,39826.8
2024-05-21 20:08:10.000,39827.3,39828.8,39826.8,39828.3
2024-05-21 20:08:20.000,39827.8,39828.3,39825.8,39825.8
2024-05-21 20:08:30.000,39825.3,39826.8,39825.3,39826.8
2024-05-21 20:08:40.000,39826.3,39827.3,39825.8,39826.8
2024-05-21 20:08:50.000,39827.3,39830.8,39827.3,39830.8
2024-05-21 20:09:00.000,39830.3,39833.8,39829.8,39831.8
2024-05-21 20:09:10.000,39832.3,39834.8,39831.8,39834.8
2024-05-21 20:09:20.000,39833.8,39835.8,39832.8,39835.8
2024-05-21 20:09:30.000,39835.3,39835.8,39832.8,39835.3
2024-05-21 20:09:40.000,39835.8,39835.8,39833.3,39833.3
2024-05-21 20:09:50.000,39833.8,39834.3,39832.3,39832.3
2024-05-21 20:10:00.000,39833.8,39834.3,39832.8,39834.3
2024-05-21 20:10:10.000,39833.8,39838.3,39833.8,39837.8
2024-05-21 20:10:20.000,39839.8,39850.3,39839.8,39848.8
2024-05-21 20:10:30.000,39847.8,39848.8,39846.8,39848.8
2024-05-21 20:10:40.000,39848.3,39848.8,39846.8,39847.8
2024-05-21 20:10:50.000,39848.3,39850.8,39847.8,39850.8
2024-05-21 20:11:00.000,39851.8,39852.8,39850.8,39852.8
2024-05-21 20:11:10.000,39852.3,39853.8,39850.8,39852.8
2024-05-21 20:11:20.000,39853.8,39854.8,39853.8,39854.3
2024-05-21 20:11:30.000,39853.8,39854.8,39852.8,39854.8
2024-05-21 20:11:40.000,39855.3,39855.8,39854.8,39854.8
2024-05-21 20:11:50.000,39853.8,39854.8,39850.8,39851.8
2024-05-21 20:12:00.000,39851.3,39851.8,39848.8,39849.8
2024-05-21 20:12:10.000,39850.8,39853.3,39850.3,39852.3
2024-05-21 20:12:20.000,39852.8,39852.8,39851.8,39851.8
2024-05-21 20:12:30.000,39852.3,39854.3,39851.8,39853.3
2024-05-21 20:12:40.000,39852.8,39853.8,39851.8,39853.8
2024-05-21 20:12:50.000,39853.3,39854.8,39851.8,39852.8
2024-05-21 20:13:00.000,39854.3,39855.8,39853.8,39854.8
2024-05-21 20:13:10.000,39855.8,39859.8,39854.8,39855.8
2024-05-21 20:13:20.000,39857.3,39859.3,39856.8,39858.3
2024-05-21 20:13:30.000,39857.8,39860.3,39857.8,39859.8
2024-05-21 20:13:40.000,39859.3,39859.3,39857.8,39858.3
2024-05-21 20:13:50.000,39857.8,39860.8,39857.8,39859.8
2024-05-21 20:14:00.000,39860.8,39862.8,39859.8,39859.8
2024-05-21 20:14:10.000,39859.3,39859.8,39858.8,39858.8
2024-05-21 20:14:20.000,39857.8,39857.8,39854.8,39855.3
2024-05-21 20:14:30.000,39855.8,39859.3,39855.3,39859.3
2024-05-21 20:14:40.000,39858.8,39860.8,39857.8,39859.3
2024-05-21 20:14:50.000,39859.8,39859.8,39857.8,39859.8
2024-05-21 20:15:00.000,39858.8,39860.3,39856.8,39858.3
2024-05-21 20:15:10.000,39857.8,39858.8,39857.8,39858.3
2024-05-21 20:15:20.000,39857.8,39857.8,39854.8,39854.8
2024-05-21 20:15:30.000,39855.3,39860.8,39854.8,39860.8
2024-05-21 20:15:40.000,39861.3,39861.8,39859.3,39859.8
2024-05-21 20:15:50.000,39860.3,39860.8,39858.8,39859.8
2024-05-21 20:16:00.000,39860.8,39868.8,39860.8,39867.8
2024-05-21 20:16:10.000,39865.8,39865.8,39863.8,39863.8
2024-05-21 20:16:20.000,39864.3,39866.3,39863.3,39865.8
2024-05-21 20:16:30.000,39865.3,39865.8,39863.8,39863.8
2024-05-21 20:16:40.000,39862.8,39863.8,39860.8,39861.8
2024-05-21 20:16:50.000,39861.3,39863.8,39860.8,39863.8
2024-05-21 20:17:00.000,39863.3,39863.3,39861.8,39861.8
2024-05-21 20:17:10.000,39860.8,39862.3,39860.3,39862.3
2024-05-21 20:17:20.000,39861.8,39861.8,39859.8,39860.8
2024-05-21 20:17:30.000,39860.3,39860.8,39859.8,39860.3
2024-05-21 20:17:40.000,39860.8,39860.8,39858.8,39858.8
2024-05-21 20:17:50.000,39857.3,39857.8,39855.8,39856.8
2024-05-21 20:18:00.000,39857.8,39857.8,39854.3,39854.3
2024-05-21 20:18:10.000,39853.8,39855.8,39853.8,39855.8
2024-05-21 20:18:20.000,39854.8,39855.8,39852.8,39855.8
2024-05-21 20:18:30.000,39854.8,39856.8,39854.8,39856.8
2024-05-21 20:18:40.000,39857.8,39859.8,39856.3,39859.8
2024-05-21 20:18:50.000,39858.8,39859.8,39858.8,39859.8
2024-05-21 20:19:00.000,39859.3,39862.8,39859.3,39862.8
2024-05-21 20:19:10.000,39862.3,39862.8,39861.3,39862.3
2024-05-21 20:19:20.000,39862.8,39862.8,39860.8,39861.8
2024-05-21 20:19:30.000,39861.3,39862.3,39860.3,39860.3
2024-05-21 20:19:40.000,39860.8,39862.8,39860.3,39861.8
2024-05-21 20:19:50.000,39861.3,39864.3,39861.3,39864.3
2024-05-21 20:20:00.000,39863.8,39865.3,39862.8,39863.3
2024-05-21 20:20:10.000,39862.8,39863.8,39861.3,39861.8
2024-05-21 20:20:20.000,39862.8,39864.8,39862.8,39864.3
2024-05-21 20:20:30.000,39863.8,39865.8,39863.8,39865.8
2024-05-21 20:20:40.000,39866.3,39867.3,39865.8,39865.8
2024-05-21 20:20:50.000,39865.3,39865.3,39863.8,39864.8
2024-05-21 20:21:00.000,39865.3,39868.8,39865.3,39867.3
2024-05-21 20:21:10.000,39866.8,39868.3,39866.8,39867.3
2024-05-21 20:21:20.000,39867.8,39867.8,39863.8,39863.8
2024-05-21 20:21:30.000,39862.8,39862.8,39857.8,39857.8
2024-05-21 20:21:40.000,39857.3,39858.8,39854.3,39856.3
2024-05-21 20:21:50.000,39855.8,39857.8,39855.3,39857.3
2024-05-21 20:22:00.000,39856.8,39857.3,39854.8,39855.8
2024-05-21 20:22:10.000,39855.3,39856.8,39854.8,39856.8
2024-05-21 20:22:20.000,39857.3,39857.3,39852.3,39852.3
2024-05-21 20:22:30.000,39851.8,39853.8,39851.8,39853.3
2024-05-21 20:22:40.000,39853.8,39854.8,39852.3,39854.8
2024-05-21 20:22:50.000,39855.8,39855.8,39853.8,39854.8
2024-05-21 20:23:00.000,39854.3,39855.8,39853.8,39854.8
2024-05-21 20:23:10.000,39855.8,39855.8,39853.8,39854.8
2024-05-21 20:23:20.000,39855.8,39857.8,39855.8,39856.8
2024-05-21 20:23:30.000,39858.8,39860.3,39858.8,39859.8
2024-05-21 20:23:40.000,39860.3,39860.8,39857.8,39858.8
2024-05-21 20:23:50.000,39858.3,39858.8,39857.8,39858.8
2024-05-21 20:24:00.000,39858.3,39861.3,39856.8,39860.8
2024-05-21 20:24:10.000,39861.3,39862.3,39860.8,39861.8
2024-05-21 20:24:20.000,39860.8,39861.8,39860.8,39861.3
2024-05-21 20:24:30.000,39861.8,39861.8,39859.8,39860.8
2024-05-21 20:24:40.000,39860.3,39860.3,39857.3,39857.8
2024-05-21 20:24:50.000,39857.3,39857.3,39856.8,39856.8
2024-05-21 20:25:00.000,39856.3,39858.8,39855.8,39857.3
2024-05-21 20:25:10.000,39856.8,39858.8,39855.3,39856.8
2024-05-21 20:25:20.000,39856.3,39856.3,39853.8,39854.3
2024-05-21 20:25:30.000,39853.8,39854.8,39851.8,39853.8
2024-05-21 20:25:40.000,39854.8,39855.8,39854.3,39855.8
2024-05-21 20:25:50.000,39856.8,39857.8,39856.3,39857.8
2024-05-21 20:26:00.000,39858.8,39859.8,39858.3,39859.8
2024-05-21 20:26:10.000,39860.8,39860.8,39857.8,39857.8
2024-05-21 20:26:20.000,39857.3,39857.8,39854.8,39855.8
2024-05-21 20:26:30.000,39856.8,39856.8,39854.8,39855.8
2024-05-21 20:26:40.000,39855.3,39855.3,39853.3,39853.3
2024-05-21 20:26:50.000,39852.8,39853.8,39852.8,39853.3
2024-05-21 20:27:00.000,39852.8,39853.3,39845.3,39846.3
2024-05-21 20:27:10.000,39845.8,39846.8,39841.8,39842.8
2024-05-21 20:27:20.000,39842.3,39849.8,39842.3,39849.3
2024-05-21 20:27:30.000,39849.8,39851.8,39849.3,39849.8
2024-05-21 20:27:40.000,39849.3,39850.3,39847.8,39847.8
2024-05-21 20:27:50.000,39848.3,39849.8,39847.3,39849.3
2024-05-21 20:28:00.000,39848.8,39850.8,39848.3,39850.3
2024-05-21 20:28:10.000,39849.8,39851.3,39849.8,39850.3
2024-05-21 20:28:20.000,39849.8,39850.8,39849.8,39849.8
2024-05-21 20:28:30.000,39848.8,39848.8,39847.8,39848.3
2024-05-21 20:28:40.000,39847.8,39850.8,39847.3,39850.8
2024-05-21 20:28:50.000,39850.3,39850.8,39848.8,39850.3
2024-05-21 20:29:00.000,39849.8,39850.8,39848.8,39848.8
2024-05-21 20:29:10.000,39849.3,39850.8,39849.3,39850.8
2024-05-21 20:29:20.000,39851.3,39853.8,39850.3,39853.8
2024-05-21 20:29:30.000,39853.3,39855.8,39853.3,39855.8
2024-05-21 20:29:40.000,39856.8,39857.8,39855.8,39856.8
2024-05-21 20:29:50.000,39857.8,39858.3,39855.8,39856.3
2024-05-21 20:30:00.000,39855.8,39860.3,39855.8,39859.8
2024-05-21 20:30:10.000,39860.3,39861.3,39858.8,39859.3
2024-05-21 20:30:20.000,39858.8,39859.8,39856.8,39856.8
2024-05-21 20:30:30.000,39858.3,39859.8,39858.3,39859.3
2024-05-21 20:30:40.000,39858.8,39862.8,39858.8,39859.8
2024-05-21 20:30:50.000,39860.3,39861.3,39859.8,39860.8
2024-05-21 20:31:00.000,39860.3,39863.8,39859.8,39863.8
2024-05-21 20:31:10.000,39864.8,39867.3,39863.3,39866.3
2024-05-21 20:31:20.000,39866.8,39870.8,39865.3,39869.8
2024-05-21 20:31:30.000,39870.3,39870.3,39868.3,39869.8
2024-05-21 20:31:40.000,39869.3,39869.8,39867.8,39868.8
2024-05-21 20:31:50.000,39868.3,39868.8,39867.3,39868.8
2024-05-21 20:32:00.000,39870.8,39870.8,39868.3,39868.3
2024-05-21 20:32:10.000,39868.8,39868.8,39861.8,39861.8
2024-05-21 20:32:20.000,39862.8,39864.8,39862.8,39863.8
2024-05-21 20:32:30.000,39863.3,39866.3,39863.3,39866.3
2024-05-21 20:32:40.000,39865.8,39866.8,39864.8,39866.8
2024-05-21 20:32:50.000,39865.8,39866.8,39864.8,39864.8
2024-05-21 20:33:00.000,39865.3,39871.3,39865.3,39871.3
2024-05-21 20:33:10.000,39871.8,39873.8,39871.8,39872.3
2024-05-21 20:33:20.000,39871.8,39876.8,39871.8,39874.8
2024-05-21 20:33:30.000,39875.3,39875.8,39872.8,39872.8
2024-05-21 20:33:40.000,39873.3,39874.3,39872.3,39873.8
2024-05-21 20:33:50.000,39874.3,39874.8,39873.8,39874.8
2024-05-21 20:34:00.000,39874.3,39877.8,39874.3,39876.8
2024-05-21 20:34:10.000,39876.3,39877.3,39875.8,39876.8
2024-05-21 20:34:20.000,39876.3,39879.8,39875.8,39878.8
2024-05-21 20:34:30.000,39880.8,39880.8,39877.8,39877.8
2024-05-21 20:34:40.000,39876.8,39878.8,39875.8,39877.8
2024-05-21 20:34:50.000,39878.8,39881.3,39878.8,39880.8
2024-05-21 20:35:00.000,39880.3,39890.3,39880.3,39887.8
2024-05-21 20:35:10.000,39889.3,39898.3,39889.3,39898.3
2024-05-21 20:35:20.000,39897.8,39901.8,39895.8,39896.3
2024-05-21 20:35:30.000,39895.8,39906.3,39895.8,39900.8
2024-05-21 20:35:40.000,39901.3,39902.8,39899.8,39900.3
2024-05-21 20:35:50.000,39899.8,39900.8,39892.8,39893.8
2024-05-21 20:36:00.000,39894.8,39896.8,39893.8,39895.8
2024-05-21 20:36:10.000,39894.8,39894.8,39891.8,39892.8
2024-05-21 20:36:20.000,39893.3,39893.8,39885.8,39888.8
2024-05-21 20:36:30.000,39888.3,39888.8,39886.3,39887.8
2024-05-21 20:36:40.000,39887.3,39888.3,39885.3,39886.8
2024-05-21 20:36:50.000,39886.3,39888.8,39885.8,39886.3
2024-05-21 20:37:00.000,39885.8,39886.3,39884.8,39884.8
2024-05-21 20:37:10.000,39885.8,39885.8,39883.8,39884.8
2024-05-21 20:37:20.000,39883.8,39884.8,39879.8,39882.3
2024-05-21 20:37:30.000,39882.8,39883.8,39881.3,39883.3
2024-05-21 20:37:40.000,39882.8,39887.8,39882.8,39887.8
2024-05-21 20:37:50.000,39886.8,39887.8,39885.8,39887.8
2024-05-21 20:38:00.000,39886.8,39891.3,39886.8,39890.8
2024-05-21 20:38:10.000,39890.3,39891.8,39890.3,39890.8
2024-05-21 20:38:20.000,39891.3,39891.8,39889.8,39890.8
2024-05-21 20:38:30.000,39889.8,39890.8,39889.8,39889.8
2024-05-21 20:38:40.000,39889.3,39889.3,39885.8,39885.8
2024-05-21 20:38:50.000,39885.3,39886.8,39884.8,39885.8
2024-05-21 20:39:00.000,39885.3,39888.8,39885.3,39888.8
2024-05-21 20:39:10.000,39889.3,39889.3,39884.3,39884.8
2024-05-21 20:39:20.000,39884.3,39886.8,39882.8,39886.8
2024-05-21 20:39:30.000,39886.3,39886.3,39884.8,39885.8
2024-05-21 20:39:40.000,39885.3,39885.8,39885.3,39885.8
2024-05-21 20:39:50.000,39885.3,39886.8,39884.8,39884.8
2024-05-21 20:40:00.000,39886.7,39888.2,39883.7,39883.7
2024-05-21 20:40:10.000,39884.2,39885.7,39882.7,39885.2
2024-05-21 20:40:20.000,39884.7,39885.7,39883.2,39885.2
2024-05-21 20:40:30.000,39885.7,39885.7,39879.7,39879.7
2024-05-21 20:40:40.000,39880.2,39880.7,39877.7,39877.7
2024-05-21 20:40:50.000,39877.2,39878.2,39875.7,39875.7
2024-05-21 20:41:00.000,39876.7,39877.7,39875.2,39875.7
2024-05-21 20:41:10.000,39875.2,39877.7,39873.7,39874.2
2024-05-21 20:41:20.000,39874.7,39876.7,39874.2,39876.7
2024-05-21 20:41:30.000,39876.2,39877.2,39875.2,39875.2
2024-05-21 20:41:40.000,39875.7,39875.7,39867.7,39867.7
2024-05-21 20:41:50.000,39868.2,39869.7,39867.7,39868.7
2024-05-21 20:42:00.000,39868.2,39868.2,39866.7,39867.7
2024-05-21 20:42:10.000,39867.2,39867.2,39858.7,39859.7
2024-05-21 20:42:20.000,39861.7,39866.7,39861.7,39866.7
2024-05-21 20:42:30.000,39864.7,39870.7,39864.7,39870.7
2024-05-21 20:42:40.000,39870.2,39870.7,39868.7,39868.7
2024-05-21 20:42:50.000,39868.2,39868.2,39864.7,39864.7
2024-05-21 20:43:00.000,39865.2,39865.7,39863.7,39865.7
2024-05-21 20:43:10.000,39866.2,39867.2,39863.7,39864.2
2024-05-21 20:43:20.000,39864.7,39867.7,39864.2,39866.7
2024-05-21 20:43:30.000,39867.2,39868.7,39867.2,39868.7
2024-05-21 20:43:40.000,39868.2,39868.7,39867.7,39868.7
2024-05-21 20:43:50.000,39867.7,39868.7,39867.7,39868.7
2024-05-21 20:44:00.000,39870.7,39871.7,39870.7,39871.7
2024-05-21 20:44:10.000,39870.7,39873.2,39870.7,39873.2
2024-05-21 20:44:20.000,39873.7,39874.7,39871.7,39873.7
2024-05-21 20:44:30.000,39874.2,39874.7,39870.7,39871.2
2024-05-21 20:44:40.000,39870.7,39872.7,39870.7,39871.2
2024-05-21 20:44:50.000,39870.7,39871.2,39866.7,39869.2
2024-05-21 20:45:00.000,39868.7,39869.2,39864.7,39864.7
2024-05-21 20:45:10.000,39865.2,39868.7,39864.7,39866.7
2024-05-21 20:45:20.000,39867.2,39867.2,39861.7,39864.7
2024-05-21 20:45:30.000,39865.7,39866.7,39863.7,39863.7
2024-05-21 20:45:40.000,39864.7,39865.2,39862.7,39863.7
2024-05-21 20:45:50.000,39863.2,39863.7,39861.2,39863.2
2024-05-21 20:46:00.000,39863.7,39865.7,39863.7,39864.7
2024-05-21 20:46:10.000,39866.2,39866.2,39858.7,39860.7
2024-05-21 20:46:20.000,39861.2,39863.7,39860.7,39862.7
2024-05-21 20:46:30.000,39863.2,39863.2,39860.2,39861.7
2024-05-21 20:46:40.000,39862.2,39866.7,39862.2,39865.7
2024-05-21 20:46:50.000,39866.2,39866.7,39864.2,39865.2
2024-05-21 20:47:00.000,39864.7,39864.7,39856.2,39859.2
2024-05-21 20:47:10.000,39859.7,39860.7,39856.7,39857.2
2024-05-21 20:47:20.000,39857.7,39862.2,39857.7,39859.2
2024-05-21 20:47:30.000,39859.7,39859.7,39856.7,39858.2
2024-05-21 20:47:40.000,39857.7,39860.7,39857.7,39858.7
2024-05-21 20:47:50.000,39859.2,39859.7,39855.2,39855.7
2024-05-21 20:48:00.000,39857.2,39858.7,39855.7,39857.2
2024-05-21 20:48:10.000,39857.7,39859.7,39856.7,39856.7
2024-05-21 20:48:20.000,39856.2,39859.7,39855.2,39859.2
2024-05-21 20:48:30.000,39858.7,39859.7,39856.7,39856.7
2024-05-21 20:48:40.000,39856.2,39858.2,39856.2,39857.2
2024-05-21 20:48:50.000,39856.7,39858.7,39855.7,39857.7
2024-05-21 20:49:00.000,39857.2,39858.2,39856.2,39856.7
2024-05-21 20:49:10.000,39857.2,39860.2,39857.2,39860.2
2024-05-21 20:49:20.000,39860.7,39860.7,39858.7,39859.2
2024-05-21 20:49:30.000,39859.7,39860.7,39859.2,39860.7
2024-05-21 20:49:40.000,39861.2,39861.7,39859.7,39859.7
2024-05-21 20:49:50.000,39860.2,39861.2,39858.7,39859.2
2024-05-21 20:50:00.000,39860.7,39863.7,39859.2,39863.7
2024-05-21 20:50:10.000,39864.2,39866.7,39860.2,39866.7
2024-05-21 20:50:20.000,39864.7,39869.7,39862.7,39862.7
2024-05-21 20:50:30.000,39863.2,39865.7,39860.2,39864.7
2024-05-21 20:50:40.000,39865.2,39866.7,39862.2,39864.7
2024-05-21 20:50:50.000,39864.2,39864.7,39862.2,39863.7
2024-05-21 20:51:00.000,39863.2,39864.7,39858.7,39864.2
2024-05-21 20:51:10.000,39863.7,39865.7,39861.7,39863.7
2024-05-21 20:51:20.000,39863.2,39865.2,39862.2,39865.2
2024-05-21 20:51:30.000,39864.7,39867.7,39863.2,39865.7
2024-05-21 20:51:40.000,39866.2,39869.2,39864.7,39865.7
2024-05-21 20:51:50.000,39865.2,39867.2,39863.2,39866.2
2024-05-21 20:52:00.000,39866.7,39871.2,39866.7,39871.2
2024-05-21 20:52:10.000,39871.7,39875.7,39870.7,39875.7
2024-05-21 20:52:20.000,39876.2,39879.7,39875.7,39878.7
2024-05-21 20:52:30.000,39877.7,39879.2,39875.7,39876.7
2024-05-21 20:52:40.000,39876.2,39876.7,39874.2,39876.7
2024-05-21 20:52:50.000,39875.7,39882.2,39875.7,39880.7
2024-05-21 20:53:00.000,39881.7,39882.7,39878.2,39878.7
2024-05-21 20:53:10.000,39879.2,39880.7,39877.2,39878.7
2024-05-21 20:53:20.000,39877.7,39883.7,39877.7,39882.7
2024-05-21 20:53:30.000,39882.2,39882.7,39879.7,39880.2
2024-05-21 20:53:40.000,39879.7,39882.7,39879.7,39882.7
2024-05-21 20:53:50.000,39882.2,39884.7,39881.2,39884.7
2024-05-21 20:54:00.000,39885.7,39885.7,39881.2,39882.7
2024-05-21 20:54:10.000,39882.2,39883.2,39880.7,39882.2
2024-05-21 20:54:20.000,39881.7,39882.7,39879.7,39882.7
2024-05-21 20:54:30.000,39883.2,39887.7,39882.7,39887.7
2024-05-21 20:54:40.000,39888.7,39890.7,39886.2,39886.7
2024-05-21 20:54:50.000,39887.7,39890.2,39885.7,39889.7
2024-05-21 20:55:00.000,39889.2,39892.2,39885.7,39891.7
2024-05-21 20:55:10.000,39890.7,39892.7,39887.7,39892.7
2024-05-21 20:55:20.000,39893.2,39893.7,39888.7,39890.7
2024-05-21 20:55:30.000,39890.2,39890.7,39888.7,39889.7
2024-05-21 20:55:40.000,39889.2,39891.2,39885.7,39885.7
2024-05-21 20:55:50.000,39886.2,39887.2,39885.2,39886.7
2024-05-21 20:56:00.000,39887.7,39888.2,39883.7,39884.7
2024-05-21 20:56:10.000,39885.2,39885.7,39880.7,39881.7
2024-05-21 20:56:20.000,39881.2,39881.7,39878.7,39879.7
2024-05-21 20:56:30.000,39880.2,39882.7,39877.2,39877.7
2024-05-21 20:56:40.000,39878.2,39882.7,39878.2,39882.7
2024-05-21 20:56:50.000,39883.7,39884.2,39881.7,39882.7
2024-05-21 20:57:00.000,39883.2,39883.7,39879.2,39879.2
2024-05-21 20:57:10.000,39878.7,39881.7,39878.7,39881.7
2024-05-21 20:57:20.000,39882.2,39882.7,39881.2,39881.7
2024-05-21 20:57:30.000,39881.2,39887.2,39880.7,39886.2
2024-05-21 20:57:40.000,39885.7,39894.7,39885.7,39893.7
2024-05-21 20:57:50.000,39893.2,39893.2,39890.7,39892.7
2024-05-21 20:58:00.000,39894.7,39896.7,39888.7,39890.2
2024-05-21 20:58:10.000,39889.7,39894.7,39889.7,39892.7
2024-05-21 20:58:20.000,39892.2,39893.2,39890.7,39891.7
2024-05-21 20:58:30.000,39892.2,39892.2,39884.2,39884.7
2024-05-21 20:58:40.000,39884.2,39889.7,39884.2,39889.7
2024-05-21 20:58:50.000,39889.2,39890.7,39886.2,39886.7
2024-05-21 20:59:00.000,39887.7,39891.7,39884.2,39884.7
2024-05-21 20:59:10.000,39885.2,39888.7,39884.7,39886.7
2024-05-21 20:59:20.000,39887.2,39887.2,39875.7,39877.7
2024-05-21 20:59:30.000,39879.2,39884.2,39876.7,39883.2
2024-05-21 20:59:40.000,39883.7,39883.7,39872.7,39874.7
2024-05-21 20:59:50.000,39875.2,39887.7,39874.7,39884.2
2024-05-21 21:00:00.000,39885.7,39886.8,39875.2,39877.7
2024-05-21 21:00:10.000,39877.2,39877.7,39872.7,39876.2
2024-05-21 21:00:20.000,39875.7,39875.7,39873.7,39874.2
2024-05-21 21:00:30.000,39873.7,39875.2,39870.2,39870.2
2024-05-21 21:00:40.000,39870.7,39870.7,39867.7,39868.2
2024-05-21 21:00:50.000,39867.7,39868.7,39866.7,39868.7
2024-05-21 21:01:00.000,39869.2,39869.7,39867.2,39869.7
2024-05-21 21:01:10.000,39869.2,39872.2,39869.2,39871.7
2024-05-21 21:01:20.000,39871.2,39874.2,39870.7,39874.2
2024-05-21 21:01:30.000,39873.7,39875.2,39871.7,39873.2
2024-05-21 21:01:40.000,39872.7,39873.7,39871.7,39873.7
2024-05-21 21:01:50.000,39874.2,39874.2,39873.2,39873.7
2024-05-21 21:02:00.000,39875.2,39875.7,39872.7,39873.7
2024-05-21 21:02:10.000,39872.7,39872.7,39871.7,39871.7
2024-05-21 21:02:20.000,39870.7,39871.7,39870.7,39871.7
2024-05-21 21:02:30.000,39870.7,39870.7,39866.2,39867.7
2024-05-21 21:02:40.000,39867.2,39867.7,39864.7,39865.2
2024-05-21 21:02:50.000,39865.7,39866.7,39865.7,39866.7
2024-05-21 21:03:00.000,39866.2,39866.7,39865.7,39865.7
2024-05-21 21:03:10.000,39866.2,39866.7,39864.2,39864.7
2024-05-21 21:03:20.000,39865.2,39865.2,39862.7,39862.7
2024-05-21 21:03:30.000,39863.2,39863.7,39862.7,39863.7
2024-05-21 21:03:40.000,39864.2,39867.7,39864.2,39865.7
2024-05-21 21:03:50.000,39863.7,39864.7,39863.2,39863.7
2024-05-21 21:04:00.000,39863.2,39865.7,39862.7,39864.7
2024-05-21 21:04:10.000,39864.2,39865.7,39863.7,39863.7
2024-05-21 21:04:20.000,39864.2,39864.2,39863.2,39863.7
2024-05-21 21:04:30.000,39864.7,39866.2,39863.7,39866.2
2024-05-21 21:04:40.000,39865.7,39867.2,39864.7,39866.7
2024-05-21 21:04:50.000,39866.2,39868.2,39865.7,39865.7
2024-05-21 21:05:00.000,39866.7,39868.2,39866.7,39868.2
2024-05-21 21:05:10.000,39868.7,39869.2,39865.7,39865.7
2024-05-21 21:05:20.000,39866.2,39867.7,39865.7,39867.7
2024-05-21 21:05:30.000,39866.7,39866.7,39866.7,39866.7
2024-05-21 21:05:40.000,39866.2,39866.7,39866.2,39866.7
2024-05-21 21:05:50.000,39867.2,39867.7,39865.7,39865.7
2024-05-21 21:06:10.000,39866.2,39868.7,39865.2,39868.7
2024-05-21 21:06:20.000,39868.2,39869.7,39867.7,39868.7
2024-05-21 21:06:30.000,39868.2,39868.7,39867.7,39868.7
2024-05-21 21:06:40.000,39868.2,39868.7,39867.7,39868.2
2024-05-21 21:06:50.000,39868.7,39869.2,39866.2,39866.7
2024-05-21 21:07:00.000,39866.2,39870.2,39866.2,39870.2
2024-05-21 21:07:10.000,39870.7,39870.7,39868.2,39868.2
2024-05-21 21:07:20.000,39868.7,39869.7,39868.7,39868.7
2024-05-21 21:07:30.000,39868.2,39868.2,39867.7,39867.7
2024-05-21 21:07:40.000,39866.7,39867.7,39866.7,39866.7
2024-05-21 21:07:50.000,39867.2,39868.7,39867.2,39868.2
2024-05-21 21:08:00.000,39867.7,39868.7,39867.7,39868.7
2024-05-21 21:08:20.000,39869.2,39869.2,39867.7,39867.7
2024-05-21 21:08:30.000,39866.7,39868.7,39866.7,39868.7
2024-05-21 21:08:40.000,39868.2,39868.2,39866.7,39867.7
2024-05-21 21:08:50.000,39867.2,39867.2,39865.7,39865.7
2024-05-21 21:09:00.000,39866.7,39867.7,39866.7,39867.7
2024-05-21 21:09:10.000,39868.7,39869.7,39868.2,39868.7
2024-05-21 21:09:20.000,39869.2,39869.7,39868.2,39869.2
2024-05-21 21:09:30.000,39869.7,39870.2,39869.2,39869.2
2024-05-21 21:09:40.000,39868.7,39870.2,39868.7,39869.7
2024-05-21 21:09:50.000,39870.2,39872.2,39869.7,39870.7
2024-05-21 21:10:00.000,39871.2,39872.2,39871.2,39871.7
2024-05-21 21:10:10.000,39870.7,39872.2,39870.2,39872.2
2024-05-21 21:10:20.000,39871.7,39872.2,39870.7,39872.2
2024-05-21 21:10:30.000,39871.7,39871.7,39871.7,39871.7
2024-05-21 21:10:40.000,39871.2,39872.7,39870.7,39872.7
2024-05-21 21:10:50.000,39872.2,39873.7,39872.2,39873.7
2024-05-21 21:11:00.000,39874.2,39874.2,39871.2,39871.2
2024-05-21 21:11:10.000,39871.7,39871.7,39870.7,39871.7
2024-05-21 21:11:20.000,39871.2,39871.7,39870.2,39870.2
2024-05-21 21:11:30.000,39870.7,39871.7,39870.7,39871.7
2024-05-21 21:11:40.000,39872.2,39872.2,39871.2,39871.2
2024-05-21 21:11:50.000,39870.7,39873.7,39870.7,39872.7
2024-05-21 21:12:00.000,39873.7,39874.2,39873.2,39873.7
2024-05-21 21:12:10.000,39874.2,39874.2,39872.2,39872.2
2024-05-21 21:12:20.000,39871.7,39873.7,39871.2,39871.2
2024-05-21 21:12:30.000,39871.7,39872.2,39871.2,39871.7
2024-05-21 21:12:40.000,39872.7,39873.7,39872.7,39873.7
2024-05-21 21:12:50.000,39873.2,39873.2,39871.7,39871.7
2024-05-21 21:13:00.000,39873.2,39873.2,39872.7,39873.2
2024-05-21 21:13:10.000,39873.7,39873.7,39873.2,39873.7
2024-05-21 21:13:20.000,39874.2,39874.2,39873.7,39873.7
2024-05-21 21:13:30.000,39874.2,39874.7,39873.2,39873.7
2024-05-21 21:13:40.000,39873.2,39873.2,39873.2,39873.2
2024-05-21 21:13:50.000,39873.7,39874.2,39872.7,39874.2
2024-05-21 21:14:00.000,39873.7,39873.7,39871.7,39871.7
2024-05-21 21:14:10.000,39872.2,39872.2,39871.7,39871.7
2024-05-21 21:14:20.000,39872.2,39872.2,39871.7,39871.7
2024-05-21 21:14:30.000,39871.2,39871.7,39868.7,39869.2
2024-05-21 21:14:40.000,39869.7,39870.2,39869.7,39869.7
2024-05-21 21:14:50.000,39868.7,39868.7,39866.2,39866.7
2024-05-21 21:15:00.000,39866.2,39867.2,39865.7,39866.7
2024-05-21 21:15:10.000,39865.7,39865.7,39864.7,39865.2
2024-05-21 21:15:20.000,39865.7,39866.2,39864.7,39866.2
2024-05-21 21:15:30.000,39865.7,39866.2,39865.7,39866.2
2024-05-21 21:15:50.000,39866.7,39867.2,39866.7,39867.2
2024-05-21 21:16:00.000,39866.7,39869.2,39866.7,39868.7
2024-05-21 21:16:10.000,39869.2,39869.2,39869.2,39869.2
2024-05-21 21:16:20.000,39868.7,39869.2,39868.7,39869.2
2024-05-21 21:16:30.000,39869.7,39869.7,39868.2,39868.7
2024-05-21 21:16:40.000,39869.2,39869.2,39868.2,39868.2
2024-05-21 21:16:50.000,39868.7,39869.7,39868.7,39869.2
2024-05-21 21:17:10.000,39868.7,39868.7,39868.7,39868.7
2024-05-21 21:17:30.000,39868.2,39868.7,39867.2,39867.2
2024-05-21 21:17:40.000,39867.7,39867.7,39867.2,39867.2
2024-05-21 21:17:50.000,39866.7,39866.7,39866.2,39866.2
2024-05-21 21:18:00.000,39866.7,39866.7,39866.2,39866.2
2024-05-21 21:18:10.000,39866.7,39866.7,39866.7,39866.7
2024-05-21 21:18:20.000,39866.2,39867.2,39866.2,39867.2
2024-05-21 21:18:30.000,39867.7,39868.7,39867.7,39868.7
2024-05-21 21:18:40.000,39869.2,39869.2,39869.2,39869.2
2024-05-21 21:18:50.000,39868.7,39869.2,39868.2,39869.2
2024-05-21 21:19:00.000,39869.7,39869.7,39868.7,39868.7
2024-05-21 21:19:10.000,39868.2,39868.2,39868.2,39868.2
2024-05-21 21:19:20.000,39868.7,39868.7,39868.2,39868.2
2024-05-21 21:19:30.000,39867.7,39868.2,39867.7,39867.7
2024-05-21 21:19:40.000,39868.2,39868.2,39867.2,39867.2
2024-05-21 21:20:00.000,39867.7,39868.2,39867.7,39868.2
2024-05-21 21:20:30.000,39868.7,39868.7,39868.2,39868.2
2024-05-21 21:20:40.000,39868.7,39869.2,39868.7,39869.2
2024-05-21 21:20:50.000,39868.7,39869.2,39868.7,39869.2
2024-05-21 21:21:10.000,39868.7,39869.2,39868.7,39869.2
2024-05-21 21:22:10.000,39869.7,39869.7,39869.7,39869.7
2024-05-21 21:22:30.000,39870.2,39870.2,39870.2,39870.2
2024-05-21 21:22:50.000,39869.7,39870.2,39868.7,39869.7
2024-05-21 21:23:00.000,39869.2,39870.2,39869.2,39869.7
2024-05-21 21:23:20.000,39870.2,39870.2,39870.2,39870.2
2024-05-21 21:23:30.000,39869.7,39869.7,39869.2,39869.7
2024-05-21 21:23:40.000,39870.2,39870.2,39869.7,39869.7
2024-05-21 21:24:00.000,39870.2,39870.2,39869.7,39869.7
2024-05-21 21:24:10.000,39870.2,39870.2,39869.7,39870.2
2024-05-21 21:24:20.000,39870.7,39870.7,39870.2,39870.2
2024-05-21 21:24:40.000,39869.7,39869.7,39869.7,39869.7
2024-05-21 21:25:00.000,39870.2,39870.2,39869.2,39869.2
2024-05-21 21:25:40.000,39869.7,39869.7,39869.2,39869.7
2024-05-21 21:25:50.000,39869.2,39869.2,39869.2,39869.2
2024-05-21 21:26:00.000,39868.7,39870.2,39868.7,39870.2
2024-05-21 21:26:20.000,39870.7,39871.2,39870.7,39871.2
2024-05-21 21:26:30.000,39871.7,39871.7,39871.2,39871.2
2024-05-21 21:26:40.000,39871.7,39872.2,39871.7,39872.2
2024-05-21 21:26:50.000,39872.7,39872.7,39872.7,39872.7
2024-05-21 21:27:00.000,39873.2,39873.2,39872.2,39872.2
2024-05-21 21:27:10.000,39870.7,39872.2,39870.7,39871.2
2024-05-21 21:27:30.000,39871.7,39871.7,39871.7,39871.7
2024-05-21 21:27:40.000,39871.2,39872.2,39870.7,39870.7
2024-05-21 21:27:50.000,39871.2,39871.2,39871.2,39871.2
2024-05-21 21:28:00.000,39870.7,39872.7,39870.7,39872.7
2024-05-21 21:28:20.000,39872.2,39872.2,39872.2,39872.2
2024-05-21 21:28:40.000,39873.2,39873.2,39873.2,39873.2
2024-05-21 21:29:00.000,39872.7,39872.7,39872.7,39872.7
2024-05-21 21:29:10.000,39873.2,39873.2,39873.2,39873.2
2024-05-21 21:29:50.000,39872.7,39873.2,39872.7,39873.2
2024-05-21 21:30:00.000,39872.7,39873.2,39872.7,39873.2
2024-05-21 21:30:10.000,39872.7,39872.7,39872.7,39872.7
